air_hulu_cm,hujan_hulu_mm,jungkit_hulu,air_lokal_cm,hujan_lokal_mm,jungkit_lokal,status,estimasi_menit
249.92,6.4,22,234.84,0.0,0,BAHAYA,0
46.72,0.56,1,14.43,0.8,2,AMAN,384
262.32,9.58,34,204.21,0.0,0,BAHAYA,0
220.12,0.33,1,222.79,0.0,0,BAHAYA,0
17.84,0.87,3,54.36,4.74,16,AMAN,213
37.85,1.9,6,27.72,0.34,1,AMAN,386
207.81,7.12,25,237.36,0.0,0,BAHAYA,0
233.39,70.51,252,156.41,42.82,153,SIAGA,65
218.73,2.35,8,200.65,0.0,0,BAHAYA,0
258.48,4.94,17,256.57,0.0,0,BAHAYA,0
201.03,9.15,32,212.33,0.0,0,BAHAYA,0
226.54,2.12,7,242.44,0.0,0,BAHAYA,0
75.06,3.39,12,58.59,2.77,9,AMAN,393
201.35,7.59,27,240.98,0.0,0,BAHAYA,0
260.73,31.14,111,239.67,56.47,202,BAHAYA,0
29.6,1.94,6,34.62,1.49,5,AMAN,208
222.75,63.54,227,186.75,83.89,300,SIAGA,27
241.78,98.06,350,250.54,39.46,141,BAHAYA,0
170.98,49.53,177,158.68,78.03,279,SIAGA,55
210.31,48.58,173,255.73,25.47,91,BAHAYA,0
45.53,3.88,13,57.39,1.97,7,AMAN,301
26.97,1.17,4,66.22,4.23,15,AMAN,321
194.1,55.25,197,262.32,90.62,324,BAHAYA,0
158.18,90.39,323,231.37,84.76,303,BAHAYA,0
30.2,4.81,17,56.33,1.15,4,AMAN,336
50.69,3.34,11,34.89,3.72,13,AMAN,302
20.81,4.67,16,66.62,2.66,9,AMAN,389
254.1,2.92,10,240.14,0.0,0,BAHAYA,0
236.49,2.95,10,264.95,0.0,0,BAHAYA,0
268.32,3.55,12,257.99,0.0,0,BAHAYA,0
187.42,73.05,261,227.37,33.26,119,BAHAYA,0
201.19,2.52,9,216.61,0.0,0,BAHAYA,0
202.74,53.21,190,155.9,27.7,99,SIAGA,30
162.68,53.78,192,153.73,67.14,240,SIAGA,13
208.41,8.96,32,252.08,0.0,0,BAHAYA,0
175.92,35.66,127,241.44,63.05,225,BAHAYA,0
201.23,6.57,23,204.75,0.0,0,BAHAYA,0
220.53,9.07,32,250.65,0.0,0,BAHAYA,0
63.22,0.05,0,16.9,0.94,3,AMAN,228
236.26,9.68,34,220.26,0.0,0,BAHAYA,0
43.01,3.53,12,59.62,1.29,4,AMAN,218
226.02,9.46,33,229.86,0.0,0,BAHAYA,0
200.09,6.77,24,262.24,0.0,0,BAHAYA,0
75.07,1.56,5,39.06,2.49,8,AMAN,293
68.14,1.7,6,16.25,1.08,3,AMAN,284
268.19,3.04,10,248.41,0.0,0,BAHAYA,0
268.04,54.82,196,201.11,20.89,74,BAHAYA,0
61.16,1.31,4,30.38,3.59,12,AMAN,312
167.07,47.6,170,216.49,74.3,265,BAHAYA,0
164.57,24.38,87,261.7,38.49,137,BAHAYA,0
186.39,36.34,130,150.64,60.72,217,SIAGA,88
61.88,0.93,3,39.94,3.68,13,AMAN,286
233.06,37.57,134,258.37,75.5,270,BAHAYA,0
68.93,4.64,16,16.28,4.83,17,AMAN,293
211.13,93.2,333,161.54,49.8,178,SIAGA,23
215.98,0.98,3,215.03,0.0,0,BAHAYA,0
217.26,1.67,5,224.92,0.0,0,BAHAYA,0
21.46,2.98,10,66.51,0.63,2,AMAN,255
252.32,8.21,29,212.33,0.0,0,BAHAYA,0
233.17,3.54,12,252.03,0.0,0,BAHAYA,0
213.24,77.92,278,150.09,80.52,288,SIAGA,28
46.61,2.51,8,34.12,3.91,14,AMAN,233
165.69,54.44,194,160.51,49.14,175,SIAGA,13
256.39,29.53,105,226.06,36.79,131,BAHAYA,0
203.97,60.99,218,259.75,82.09,293,BAHAYA,0
173.35,47.91,171,175.04,58.91,210,SIAGA,67
194.13,49.99,178,229.83,37.98,135,BAHAYA,0
199.7,69.71,249,159.44,35.61,127,SIAGA,18
249.3,77.5,277,222.45,33.23,118,BAHAYA,0
31.1,4.09,14,17.93,0.16,0,AMAN,384
213.71,8.32,29,230.23,0.0,0,BAHAYA,0
151.32,99.55,356,186.15,62.13,222,SIAGA,83
199.94,38.62,138,205.61,56.12,200,BAHAYA,0
207.76,24.31,86,221.93,66.37,237,BAHAYA,0
152.3,35.19,125,170.55,90.17,322,SIAGA,31
181.18,23.12,82,239.0,89.42,320,BAHAYA,0
241.23,51.34,183,186.32,56.09,200,SIAGA,84
244.52,6.87,24,207.07,0.0,0,BAHAYA,0
227.17,2.44,8,242.68,0.0,0,BAHAYA,0
175.82,55.53,198,232.57,68.5,245,BAHAYA,0
218.19,1.07,3,217.6,0.0,0,BAHAYA,0
33.44,3.46,12,16.05,3.84,13,AMAN,283
267.1,88.92,318,179.66,32.33,115,SIAGA,41
65.58,0.95,3,41.47,1.35,4,AMAN,217
53.41,0.92,3,68.58,1.21,4,AMAN,380
208.54,82.24,294,255.81,80.04,286,BAHAYA,0
249.54,4.38,15,214.69,0.0,0,BAHAYA,0
65.2,4.15,14,30.08,2.88,10,AMAN,226
204.53,58.66,209,223.66,23.83,85,BAHAYA,0
31.82,3.67,13,21.18,0.73,2,AMAN,305
27.39,2.66,9,21.48,4.85,17,AMAN,328
62.08,1.44,5,29.96,4.74,16,AMAN,205
12.35,2.46,8,65.5,4.42,15,AMAN,210
267.06,7.37,26,256.29,0.0,0,BAHAYA,0
63.37,2.98,10,78.26,3.17,11,AMAN,390
71.37,2.17,7,26.26,3.8,13,AMAN,380
33.95,0.82,2,71.69,4.93,17,AMAN,217
247.57,9.12,32,211.91,0.0,0,BAHAYA,0
17.74,2.73,9,17.9,3.83,13,AMAN,218
69.25,4.51,16,70.9,1.69,6,AMAN,203
256.49,2.57,9,238.94,0.0,0,BAHAYA,0
232.18,7.19,25,228.8,0.0,0,BAHAYA,0
238.26,0.28,1,266.34,0.0,0,BAHAYA,0
20.49,4.66,16,30.11,2.32,8,AMAN,224
203.07,6.27,22,268.16,0.0,0,BAHAYA,0
211.6,1.46,5,216.14,0.0,0,BAHAYA,0
60.4,3.29,11,79.25,2.0,7,AMAN,390
214.64,2.35,8,223.73,0.0,0,BAHAYA,0
58.58,2.0,7,34.85,1.83,6,AMAN,387
258.21,34.97,125,153.7,60.19,215,SIAGA,74
268.68,5.96,21,221.62,0.0,0,BAHAYA,0
226.46,43.31,155,151.56,76.54,273,SIAGA,83
22.71,4.0,14,61.05,2.71,9,AMAN,282
216.94,9.1,32,233.02,0.0,0,BAHAYA,0
50.84,2.88,10,75.71,0.45,1,AMAN,200
223.67,92.42,330,260.91,20.71,74,BAHAYA,0
42.34,0.59,2,69.54,2.51,8,AMAN,280
269.64,2.11,7,246.77,0.0,0,BAHAYA,0
249.82,2.65,9,262.71,0.0,0,BAHAYA,0
238.49,96.27,344,176.32,47.11,168,SIAGA,72
45.41,2.97,10,37.89,0.07,0,AMAN,249
218.17,9.16,32,250.16,0.0,0,BAHAYA,0
155.0,43.85,156,237.26,33.87,121,BAHAYA,0
241.55,7.95,28,228.25,0.0,0,BAHAYA,0
205.12,1.36,4,209.59,0.0,0,BAHAYA,0
49.56,0.52,1,31.9,3.23,11,AMAN,307
268.68,9.64,34,208.86,0.0,0,BAHAYA,0
74.57,2.84,10,46.88,4.65,16,AMAN,231
255.48,2.99,10,253.45,0.0,0,BAHAYA,0
238.5,25.64,91,164.77,86.98,311,SIAGA,14
266.06,2.72,9,233.66,0.0,0,BAHAYA,0
52.47,4.92,17,42.5,3.38,12,AMAN,398
39.69,1.3,4,40.33,2.8,10,AMAN,392
242.96,63.57,227,162.84,27.09,96,SIAGA,24
253.01,3.42,12,229.04,0.0,0,BAHAYA,0
211.32,9.81,35,253.75,0.0,0,BAHAYA,0
170.89,39.76,142,180.83,82.11,293,SIAGA,47
250.28,4.16,14,208.6,0.0,0,BAHAYA,0
217.31,1.67,5,214.21,0.0,0,BAHAYA,0
68.72,2.29,8,13.65,4.14,14,AMAN,265
246.66,8.21,29,259.2,0.0,0,BAHAYA,0
211.39,2.81,10,224.24,0.0,0,BAHAYA,0
159.86,81.56,291,177.59,76.45,273,SIAGA,76
266.14,94.78,339,211.91,66.19,236,BAHAYA,0
51.39,1.8,6,26.49,2.98,10,AMAN,306
200.85,5.81,20,225.01,0.0,0,BAHAYA,0
200.63,9.29,33,240.39,0.0,0,BAHAYA,0
224.99,4.97,17,223.96,0.0,0,BAHAYA,0
66.2,1.75,6,43.76,3.18,11,AMAN,302
10.32,1.81,6,46.42,3.76,13,AMAN,352
223.8,50.16,179,199.42,96.37,344,SIAGA,30
37.87,1.64,5,77.6,0.99,3,AMAN,362
222.52,1.74,6,261.5,0.0,0,BAHAYA,0
259.36,3.61,12,221.13,0.0,0,BAHAYA,0
34.24,2.33,8,23.81,2.38,8,AMAN,354
206.68,0.71,2,223.03,0.0,0,BAHAYA,0
230.01,3.62,12,227.4,0.0,0,BAHAYA,0
41.66,1.11,3,38.35,3.31,11,AMAN,306
25.72,1.9,6,75.21,2.05,7,AMAN,268
246.37,4.75,16,228.75,0.0,0,BAHAYA,0
208.3,8.16,29,250.43,0.0,0,BAHAYA,0
220.22,4.32,15,235.81,0.0,0,BAHAYA,0
247.41,63.76,228,168.99,60.54,216,SIAGA,15
228.78,27.0,96,204.68,97.31,348,BAHAYA,0
165.37,50.19,179,222.68,66.0,236,BAHAYA,0
35.37,0.59,2,53.34,1.22,4,AMAN,337
261.37,23.18,82,195.97,72.07,257,SIAGA,17
54.26,3.42,12,77.76,4.06,14,AMAN,315
10.92,2.66,9,74.03,4.29,15,AMAN,375
201.85,96.29,344,202.74,57.71,206,BAHAYA,0
202.73,48.19,172,158.07,89.49,320,SIAGA,97
223.55,23.45,83,205.76,43.33,155,BAHAYA,0
240.4,8.74,31,201.33,0.0,0,BAHAYA,0
178.88,51.38,183,223.74,88.43,316,BAHAYA,0
255.13,2.12,7,265.32,0.0,0,BAHAYA,0
79.78,2.81,10,41.42,1.84,6,AMAN,336
239.49,3.2,11,230.73,0.0,0,BAHAYA,0
227.5,28.69,102,151.64,24.29,86,SIAGA,11
14.7,2.09,7,25.87,3.23,11,AMAN,307
62.5,0.58,2,75.2,4.86,17,AMAN,384
24.69,3.06,10,73.59,0.28,0,AMAN,351
264.28,8.64,30,248.29,0.0,0,BAHAYA,0
260.27,70.21,251,209.48,42.45,151,BAHAYA,0
23.35,0.38,1,32.89,2.41,8,AMAN,347
12.56,1.77,6,53.96,0.39,1,AMAN,387
43.04,2.75,9,29.26,2.8,10,AMAN,375
202.52,0.2,0,240.2,0.0,0,BAHAYA,0
212.27,5.87,20,243.54,0.0,0,BAHAYA,0
243.17,70.03,250,156.64,95.96,343,SIAGA,12
219.77,5.18,18,257.2,0.0,0,BAHAYA,0
46.71,1.87,6,77.04,4.67,16,AMAN,308
215.4,46.78,167,225.27,60.52,216,BAHAYA,0
38.05,0.53,1,47.27,3.46,12,AMAN,299
49.17,1.77,6,31.24,0.03,0,AMAN,213
236.17,7.32,26,229.26,0.0,0,BAHAYA,0
169.78,31.88,114,191.5,80.28,287,SIAGA,87
219.77,8.13,29,245.44,0.0,0,BAHAYA,0
224.71,5.88,21,224.52,0.0,0,BAHAYA,0
248.13,50.57,180,250.7,25.27,90,BAHAYA,0
28.95,0.91,3,15.8,2.58,9,AMAN,243
55.08,0.78,2,53.4,1.32,4,AMAN,359
250.88,39.0,139,257.05,42.47,152,BAHAYA,0
11.78,0.21,0,69.91,3.0,10,AMAN,210
215.07,71.42,255,215.23,44.33,158,BAHAYA,0
220.84,68.08,243,228.45,55.98,200,BAHAYA,0
214.33,6.69,23,223.31,0.0,0,BAHAYA,0
185.71,49.0,175,227.67,28.02,100,BAHAYA,0
213.03,4.88,17,215.0,0.0,0,BAHAYA,0
26.18,2.51,8,63.71,2.11,7,AMAN,293
57.03,3.66,13,24.41,2.83,10,AMAN,367
11.38,4.79,17,32.52,1.83,6,AMAN,373
17.29,1.1,3,42.58,4.68,16,AMAN,292
204.83,4.8,17,256.73,0.0,0,BAHAYA,0
22.5,4.67,16,75.22,3.37,12,AMAN,365
151.12,47.43,169,175.21,24.44,87,SIAGA,58
179.6,74.71,267,197.29,42.76,153,SIAGA,41
237.18,22.03,78,187.99,85.54,306,SIAGA,70
258.51,4.51,16,206.98,0.0,0,BAHAYA,0
60.56,3.76,13,42.24,3.59,12,AMAN,228
69.9,2.66,9,73.05,0.42,1,AMAN,362
68.12,3.39,12,75.1,4.06,14,AMAN,315
245.83,1.92,6,234.57,0.0,0,BAHAYA,0
216.61,50.94,182,208.87,68.98,246,BAHAYA,0
237.97,26.45,94,251.85,32.23,115,BAHAYA,0
30.52,0.73,2,66.47,3.59,12,AMAN,245
172.56,43.84,156,208.85,37.28,133,BAHAYA,0
192.65,27.18,97,180.92,30.23,108,SIAGA,23
202.63,5.33,19,266.04,0.0,0,BAHAYA,0
208.95,6.32,22,225.56,0.0,0,BAHAYA,0
253.59,5.43,19,263.88,0.0,0,BAHAYA,0
200.0,1.29,4,254.64,0.0,0,BAHAYA,0
50.81,1.26,4,55.04,2.79,9,AMAN,367
236.58,0.99,3,242.47,0.0,0,BAHAYA,0
174.3,32.94,117,269.05,52.94,189,BAHAYA,0
67.22,2.57,9,26.17,4.22,15,AMAN,299
194.15,36.46,130,245.53,53.16,190,BAHAYA,0
189.23,79.33,283,197.37,87.37,312,SIAGA,49
167.87,63.73,228,209.07,38.4,137,BAHAYA,0
216.13,4.06,14,251.26,0.0,0,BAHAYA,0
200.1,9.27,33,254.39,0.0,0,BAHAYA,0
53.69,0.03,0,24.04,0.48,1,AMAN,311
38.66,4.89,17,25.08,3.03,10,AMAN,286
215.7,5.17,18,205.87,0.0,0,BAHAYA,0
236.65,93.32,333,179.38,26.14,93,SIAGA,88
30.61,3.64,13,36.56,0.61,2,AMAN,212
259.39,6.66,23,258.04,0.0,0,BAHAYA,0
229.58,2.85,10,231.06,0.0,0,BAHAYA,0
221.21,5.86,20,239.96,0.0,0,BAHAYA,0
233.47,96.16,344,227.74,77.34,276,BAHAYA,0
249.88,9.66,34,202.67,0.0,0,BAHAYA,0
257.17,1.75,6,243.07,0.0,0,BAHAYA,0
212.71,6.48,23,257.96,0.0,0,BAHAYA,0
225.97,2.45,8,211.03,0.0,0,BAHAYA,0
11.57,0.13,0,12.77,0.46,1,AMAN,345
28.81,3.02,10,38.21,2.23,7,AMAN,305
268.94,6.73,24,211.49,0.0,0,BAHAYA,0
227.08,79.51,284,242.7,66.17,236,BAHAYA,0
28.05,0.6,2,54.67,4.47,15,AMAN,366
241.34,0.79,2,227.56,0.0,0,BAHAYA,0
68.45,0.91,3,16.55,0.52,1,AMAN,353
78.91,3.11,11,39.9,1.14,4,AMAN,270
222.42,55.59,198,190.46,82.01,293,SIAGA,40
249.65,3.89,13,242.66,0.0,0,BAHAYA,0
211.71,7.33,26,245.05,0.0,0,BAHAYA,0
182.38,92.76,332,211.17,92.35,330,BAHAYA,0
249.01,65.52,234,220.23,35.85,128,BAHAYA,0
266.66,2.39,8,227.25,0.0,0,BAHAYA,0
202.97,2.81,10,221.94,0.0,0,BAHAYA,0
157.03,47.35,169,193.62,69.79,249,SIAGA,74
48.79,4.49,16,70.7,0.27,0,AMAN,273
55.6,0.42,1,57.11,0.06,0,AMAN,359
234.92,49.06,175,169.67,45.6,163,SIAGA,36
24.45,0.5,1,49.64,1.45,5,AMAN,301
212.07,95.28,341,166.9,74.41,266,SIAGA,61
19.58,3.31,11,19.56,1.65,5,AMAN,278
73.0,3.01,10,26.01,1.35,4,AMAN,320
225.85,6.8,24,217.2,0.0,0,BAHAYA,0
265.3,8.25,29,240.39,0.0,0,BAHAYA,0
52.04,0.12,0,62.69,2.56,9,AMAN,239
56.55,4.17,14,43.16,3.36,12,AMAN,283
250.0,7.9,28,200.37,0.0,0,BAHAYA,0
232.32,6.16,22,239.54,0.0,0,BAHAYA,0
264.47,0.45,1,223.74,0.0,0,BAHAYA,0
261.97,79.92,286,213.58,88.7,317,BAHAYA,0
46.32,4.63,16,47.85,3.71,13,AMAN,262
260.32,3.69,13,259.6,0.0,0,BAHAYA,0
21.64,0.25,0,59.18,3.33,11,AMAN,327
244.28,79.95,286,154.63,88.24,315,SIAGA,24
164.2,63.66,227,255.47,45.2,161,BAHAYA,0
224.17,9.47,33,236.37,0.0,0,BAHAYA,0
250.78,43.35,155,165.48,58.83,210,SIAGA,65
37.25,2.92,10,54.95,2.75,9,AMAN,321
259.96,4.84,17,238.98,0.0,0,BAHAYA,0
34.9,3.94,14,18.85,2.83,10,AMAN,281
60.33,1.53,5,68.98,3.58,12,AMAN,212
193.47,77.21,276,153.94,66.15,236,SIAGA,35
190.14,96.57,345,200.44,72.6,259,BAHAYA,0
153.14,54.17,193,257.41,35.57,127,BAHAYA,0
152.9,58.01,207,267.92,51.26,183,BAHAYA,0
249.8,91.84,328,226.45,95.73,342,BAHAYA,0
255.03,8.05,28,219.25,0.0,0,BAHAYA,0
25.05,3.55,12,38.93,0.3,1,AMAN,288
12.18,1.36,4,48.26,2.22,7,AMAN,388
28.36,4.52,16,40.52,0.93,3,AMAN,200
51.66,1.87,6,62.41,2.43,8,AMAN,393
201.56,36.48,130,240.9,78.93,282,BAHAYA,0
44.75,0.25,0,63.99,4.75,17,AMAN,231
267.92,5.76,20,223.3,0.0,0,BAHAYA,0
230.64,6.45,23,252.84,0.0,0,BAHAYA,0
63.96,4.03,14,47.56,3.02,10,AMAN,231
17.46,1.12,4,75.44,1.56,5,AMAN,255
257.2,0.45,1,238.74,0.0,0,BAHAYA,0
238.25,1.43,5,200.8,0.0,0,BAHAYA,0
159.67,32.25,115,243.84,37.11,132,BAHAYA,0
203.62,5.67,20,226.32,0.0,0,BAHAYA,0
209.58,68.02,243,204.39,23.44,83,BAHAYA,0
202.42,78.5,280,245.06,89.6,320,BAHAYA,0
237.54,81.58,291,250.63,74.27,265,BAHAYA,0
241.86,98.03,350,228.57,72.84,260,BAHAYA,0
169.07,65.89,235,177.41,69.17,247,SIAGA,82
29.05,3.76,13,26.8,2.36,8,AMAN,347
227.76,4.99,17,233.36,0.0,0,BAHAYA,0
240.17,25.48,91,164.02,89.63,320,SIAGA,14
260.57,6.84,24,236.05,0.0,0,BAHAYA,0
211.01,5.03,18,211.58,0.0,0,BAHAYA,0
158.27,46.23,165,204.64,75.89,271,BAHAYA,0
76.52,2.65,9,34.19,1.99,7,AMAN,371
183.86,67.78,242,162.54,65.13,233,SIAGA,47
22.96,2.86,10,12.72,1.87,6,AMAN,222
255.77,1.72,6,236.78,0.0,0,BAHAYA,0
71.11,3.8,13,68.19,0.88,3,AMAN,328
61.26,0.77,2,63.67,3.04,10,AMAN,296
66.46,0.75,2,34.54,2.38,8,AMAN,342
258.3,9.62,34,223.84,0.0,0,BAHAYA,0
263.43,5.18,18,221.08,0.0,0,BAHAYA,0
69.44,2.04,7,10.02,3.22,11,AMAN,379
27.48,3.4,12,26.89,3.81,13,AMAN,385
208.51,54.43,194,154.77,48.56,173,SIAGA,74
25.48,0.17,0,27.53,4.43,15,AMAN,371
157.52,76.53,273,203.78,74.06,265,BAHAYA,0
76.08,3.49,12,29.58,4.64,16,AMAN,395
166.71,70.83,253,176.55,40.29,144,SIAGA,90
243.49,4.55,16,217.74,0.0,0,BAHAYA,0
74.77,1.3,4,70.6,0.07,0,AMAN,208
22.64,4.43,15,26.89,0.03,0,AMAN,360
49.76,4.48,16,15.5,1.2,4,AMAN,232
74.08,1.49,5,34.95,0.5,1,AMAN,283
229.65,88.63,317,257.29,96.24,344,BAHAYA,0
58.82,2.06,7,48.55,0.89,3,AMAN,264
230.29,8.53,30,261.01,0.0,0,BAHAYA,0
247.98,8.56,30,233.95,0.0,0,BAHAYA,0
77.97,4.13,14,65.49,0.04,0,AMAN,284
203.96,0.91,3,236.23,0.0,0,BAHAYA,0
43.19,4.12,14,44.53,0.76,2,AMAN,391
70.34,1.98,7,12.8,4.56,16,AMAN,352
244.92,1.29,4,208.02,0.0,0,BAHAYA,0
32.34,3.69,13,36.84,3.27,11,AMAN,336
244.26,1.01,3,229.79,0.0,0,BAHAYA,0
173.77,44.22,158,192.42,41.83,149,SIAGA,36
51.74,1.35,4,29.9,4.92,17,AMAN,387
205.67,65.15,233,179.48,53.26,190,SIAGA,18
207.1,2.34,8,258.33,0.0,0,BAHAYA,0
223.02,33.3,119,245.33,83.9,300,BAHAYA,0
191.94,50.38,180,161.88,95.62,342,SIAGA,21
230.24,7.14,25,207.52,0.0,0,BAHAYA,0
168.15,97.59,349,252.61,40.37,144,BAHAYA,0
177.04,78.21,279,191.58,93.93,336,SIAGA,43
236.31,8.67,31,214.82,0.0,0,BAHAYA,0
252.07,80.98,289,267.57,65.95,236,BAHAYA,0
267.95,1.27,4,222.14,0.0,0,BAHAYA,0
212.81,35.36,126,154.92,93.95,336,SIAGA,15
228.25,1.61,5,217.98,0.0,0,BAHAYA,0
251.65,7.0,25,231.93,0.0,0,BAHAYA,0
236.74,68.2,244,162.09,77.04,275,SIAGA,26
158.12,59.18,211,234.9,23.22,83,BAHAYA,0
234.94,62.29,222,153.74,50.91,182,SIAGA,37
70.91,4.25,15,24.36,3.79,13,AMAN,251
11.49,1.01,3,44.1,4.93,17,AMAN,374
71.23,4.67,16,71.48,4.05,14,AMAN,319
233.81,9.5,34,238.3,0.0,0,BAHAYA,0
169.89,34.86,124,265.23,72.37,259,BAHAYA,0
220.12,3.94,14,222.05,0.0,0,BAHAYA,0
79.86,3.9,13,44.33,2.62,9,AMAN,274
230.28,72.66,260,197.72,47.71,170,SIAGA,33
242.25,4.72,16,260.14,0.0,0,BAHAYA,0
199.41,42.14,150,178.14,94.97,339,SIAGA,77
205.29,8.47,30,215.41,0.0,0,BAHAYA,0
215.45,47.76,170,216.22,77.41,277,BAHAYA,0
71.16,1.47,5,76.03,1.29,4,AMAN,307
78.89,1.05,3,46.42,0.19,0,AMAN,386
246.77,60.19,215,263.84,88.9,318,BAHAYA,0
243.66,5.73,20,227.49,0.0,0,BAHAYA,0
39.49,4.33,15,19.17,0.74,2,AMAN,211
61.63,0.51,1,52.07,3.27,11,AMAN,233
26.71,0.63,2,12.4,3.41,12,AMAN,388
181.03,46.91,167,190.0,46.78,167,SIAGA,51
169.76,93.64,335,203.89,60.74,217,BAHAYA,0
247.32,2.39,8,209.23,0.0,0,BAHAYA,0
249.46,9.49,33,262.06,0.0,0,BAHAYA,0
242.7,3.05,10,252.62,0.0,0,BAHAYA,0
174.59,58.8,210,237.93,49.46,177,BAHAYA,0
255.34,26.83,96,232.31,23.64,84,BAHAYA,0
241.84,3.07,10,225.9,0.0,0,BAHAYA,0
260.63,0.35,1,251.85,0.0,0,BAHAYA,0
178.66,69.13,247,223.14,52.66,188,BAHAYA,0
207.41,5.44,19,253.43,0.0,0,BAHAYA,0
25.28,3.84,13,48.97,0.28,1,AMAN,374
242.64,54.33,194,208.33,85.53,306,BAHAYA,0
251.56,4.47,16,223.66,0.0,0,BAHAYA,0
157.82,28.49,101,167.02,46.36,165,SIAGA,70
39.23,3.13,11,40.29,3.28,11,AMAN,234
259.11,39.19,140,162.66,69.44,248,SIAGA,55
214.64,35.6,127,231.97,77.48,277,BAHAYA,0
209.74,60.39,216,229.29,51.36,183,BAHAYA,0
162.66,81.5,291,264.07,92.39,330,BAHAYA,0
21.69,3.03,10,53.3,2.08,7,AMAN,325
248.65,66.14,236,156.25,56.03,200,SIAGA,63
195.65,29.54,105,256.11,71.73,256,BAHAYA,0
231.52,4.19,14,230.31,0.0,0,BAHAYA,0
265.74,24.22,86,203.2,83.56,299,BAHAYA,0
227.93,3.39,12,234.15,0.0,0,BAHAYA,0
45.89,4.64,16,18.9,4.24,15,AMAN,308
26.15,1.66,5,34.97,4.14,14,AMAN,358
22.36,2.33,8,51.47,1.91,6,AMAN,309
25.43,0.07,0,68.49,2.95,10,AMAN,225
207.13,8.53,30,206.04,0.0,0,BAHAYA,0
245.75,53.74,192,202.89,78.51,280,BAHAYA,0
34.51,0.14,0,72.28,0.84,3,AMAN,290
259.81,55.93,200,247.95,41.8,149,BAHAYA,0
252.39,7.23,25,255.44,0.0,0,BAHAYA,0
264.02,3.19,11,222.7,0.0,0,BAHAYA,0
230.38,9.06,32,250.13,0.0,0,BAHAYA,0
79.64,1.48,5,28.32,3.52,12,AMAN,302
188.01,28.53,102,222.53,28.33,101,BAHAYA,0
252.86,49.34,176,173.83,83.15,297,SIAGA,81
258.74,27.96,100,209.38,62.59,224,BAHAYA,0
241.26,1.96,7,215.59,0.0,0,BAHAYA,0
20.77,2.88,10,39.11,0.84,2,AMAN,371
244.64,9.76,34,266.03,0.0,0,BAHAYA,0
216.94,3.76,13,236.94,0.0,0,BAHAYA,0
172.11,68.06,243,266.85,22.43,80,BAHAYA,0
206.4,5.45,19,232.27,0.0,0,BAHAYA,0
228.52,42.82,153,198.99,65.56,234,SIAGA,19
50.61,1.7,6,73.57,0.86,3,AMAN,343
202.84,56.45,202,237.73,94.26,337,BAHAYA,0
71.42,2.03,7,14.61,3.06,10,AMAN,362
160.02,80.62,288,170.61,80.3,287,SIAGA,91
215.01,6.72,24,260.35,0.0,0,BAHAYA,0
218.96,0.52,1,262.24,0.0,0,BAHAYA,0
76.9,2.63,9,18.57,1.25,4,AMAN,267
70.35,3.49,12,47.38,4.45,15,AMAN,332
66.67,4.5,16,71.56,3.59,12,AMAN,337
268.09,93.02,332,184.0,21.45,76,SIAGA,72
230.15,68.83,246,150.03,77.8,278,SIAGA,35
16.09,3.4,12,14.93,2.47,8,AMAN,295
205.68,3.0,10,242.08,0.0,0,BAHAYA,0
255.83,47.46,169,254.08,55.84,199,BAHAYA,0
201.3,88.16,315,178.03,88.1,315,SIAGA,83
169.47,64.74,231,243.4,82.05,293,BAHAYA,0
44.71,1.09,3,42.26,1.16,4,AMAN,364
15.67,3.31,11,56.99,3.12,11,AMAN,354
25.41,3.17,11,21.35,2.3,8,AMAN,286
57.83,2.97,10,44.05,0.2,0,AMAN,232
15.33,0.08,0,61.7,0.07,0,AMAN,267
252.0,4.1,14,246.27,0.0,0,BAHAYA,0
251.65,9.33,33,222.6,0.0,0,BAHAYA,0
43.64,3.33,11,56.83,2.84,10,AMAN,287
252.98,94.61,338,184.55,98.88,353,SIAGA,87
67.73,1.71,6,76.2,0.16,0,AMAN,294
264.45,3.62,12,213.89,0.0,0,BAHAYA,0
240.91,1.08,3,267.31,0.0,0,BAHAYA,0
187.72,81.31,291,194.87,81.72,292,SIAGA,22
218.82,7.83,28,251.37,0.0,0,BAHAYA,0
71.5,3.25,11,60.4,3.9,13,AMAN,248
205.11,71.89,257,186.45,57.54,205,SIAGA,74
56.09,2.01,7,25.33,2.6,9,AMAN,313
69.54,3.64,13,41.01,4.29,15,AMAN,393
249.39,30.5,109,180.27,88.34,316,SIAGA,60
59.59,0.59,2,63.9,4.44,15,AMAN,390
217.39,5.4,19,234.8,0.0,0,BAHAYA,0
58.82,3.56,12,77.37,1.4,5,AMAN,331
249.12,80.83,289,263.16,53.25,190,BAHAYA,0
162.08,74.11,265,245.41,86.56,309,BAHAYA,0
178.78,44.08,157,171.75,44.79,160,SIAGA,89
21.1,2.7,9,46.28,1.15,4,AMAN,307
191.75,80.52,288,196.2,34.37,123,SIAGA,30
204.04,57.93,207,198.28,73.02,261,SIAGA,19
12.05,2.83,10,50.67,4.17,14,AMAN,268
231.07,1.55,5,263.63,0.0,0,BAHAYA,0
19.02,0.43,1,38.77,3.08,11,AMAN,356
192.28,46.09,164,200.48,86.78,310,BAHAYA,0
250.97,57.48,205,207.71,80.94,289,BAHAYA,0
21.25,3.04,10,59.78,4.58,16,AMAN,271
234.38,4.89,17,257.43,0.0,0,BAHAYA,0
226.1,36.73,131,156.27,24.93,89,SIAGA,63
165.15,30.43,108,232.26,36.7,131,BAHAYA,0
231.14,36.28,129,202.35,58.87,210,BAHAYA,0
30.09,0.48,1,26.92,2.29,8,AMAN,260
232.36,54.04,193,247.92,87.47,313,BAHAYA,0
218.22,6.26,22,259.88,0.0,0,BAHAYA,0
170.99,21.68,77,208.37,95.49,341,BAHAYA,0
252.69,22.75,81,185.81,75.48,270,SIAGA,94
204.93,5.12,18,219.17,0.0,0,BAHAYA,0
250.44,85.33,305,184.58,64.36,230,SIAGA,94
64.59,2.91,10,79.42,3.81,13,AMAN,203
17.49,4.06,14,63.93,2.14,7,AMAN,332
63.27,1.63,5,24.74,3.13,11,AMAN,338
247.96,3.19,11,200.4,0.0,0,BAHAYA,0
186.64,51.04,182,150.81,77.9,278,SIAGA,18
33.93,3.36,12,38.67,2.35,8,AMAN,391
221.69,1.16,4,207.98,0.0,0,BAHAYA,0
186.47,94.83,339,269.5,66.71,238,BAHAYA,0
236.05,0.22,0,249.15,0.0,0,BAHAYA,0
75.61,3.16,11,74.56,2.47,8,AMAN,303
58.15,0.64,2,51.48,4.25,15,AMAN,205
14.75,2.89,10,36.59,4.37,15,AMAN,383
258.0,1.36,4,266.77,0.0,0,BAHAYA,0
255.25,1.46,5,256.99,0.0,0,BAHAYA,0
14.71,3.77,13,49.19,3.15,11,AMAN,229
263.97,6.43,23,201.1,0.0,0,BAHAYA,0
34.21,2.5,8,45.35,0.09,0,AMAN,352
53.46,3.65,13,22.35,4.44,15,AMAN,355
163.32,36.38,130,195.34,30.26,108,SIAGA,50
235.39,1.56,5,206.53,0.0,0,BAHAYA,0
78.14,0.13,0,19.18,3.59,12,AMAN,366
77.82,1.42,5,63.63,3.81,13,AMAN,394
207.18,2.09,7,247.5,0.0,0,BAHAYA,0
195.65,42.62,152,157.91,95.29,341,SIAGA,54
267.22,44.36,158,172.95,38.17,136,SIAGA,80
11.72,0.98,3,19.49,0.86,3,AMAN,289
213.57,9.2,32,241.95,0.0,0,BAHAYA,0
155.04,77.41,277,195.27,80.43,287,SIAGA,74
247.39,0.9,3,265.3,0.0,0,BAHAYA,0
258.65,9.48,33,205.33,0.0,0,BAHAYA,0
57.83,2.93,10,27.69,3.94,14,AMAN,268
253.0,54.76,196,157.02,38.27,136,SIAGA,51
29.15,0.43,1,36.82,0.14,0,AMAN,276
259.29,34.45,123,168.92,50.7,181,SIAGA,78
240.48,95.81,342,170.88,31.32,112,SIAGA,84
246.59,37.5,134,241.29,76.83,274,BAHAYA,0
152.16,46.1,164,151.9,72.89,260,SIAGA,49
265.54,80.5,288,216.94,23.52,84,BAHAYA,0
216.07,7.73,27,201.64,0.0,0,BAHAYA,0
25.45,4.1,14,52.82,3.92,14,AMAN,247
211.57,1.53,5,237.58,0.0,0,BAHAYA,0
183.78,79.39,284,187.6,73.43,262,SIAGA,67
55.82,3.45,12,75.64,2.71,9,AMAN,336
163.51,24.68,88,238.01,55.3,197,BAHAYA,0
76.56,1.54,5,76.23,3.39,12,AMAN,306
211.3,7.07,25,241.25,0.0,0,BAHAYA,0
40.26,4.49,16,19.21,4.83,17,AMAN,329
76.05,4.05,14,31.16,1.3,4,AMAN,341
39.38,2.92,10,72.66,0.09,0,AMAN,237
54.7,3.65,13,78.04,2.73,9,AMAN,239
37.83,1.82,6,70.15,3.53,12,AMAN,390
221.8,90.75,324,165.1,95.42,341,SIAGA,86
78.88,2.33,8,76.32,0.97,3,AMAN,215
38.65,0.95,3,39.64,1.31,4,AMAN,326
236.35,5.79,20,233.32,0.0,0,BAHAYA,0
26.1,2.78,9,40.97,1.65,5,AMAN,292
217.17,5.54,19,264.96,0.0,0,BAHAYA,0
252.27,52.86,189,220.85,70.22,251,BAHAYA,0
55.62,0.1,0,33.7,4.0,14,AMAN,213
216.39,8.43,30,225.7,0.0,0,BAHAYA,0
215.37,6.44,23,201.32,0.0,0,BAHAYA,0
172.24,72.91,260,245.12,90.1,322,BAHAYA,0
77.77,3.51,12,56.33,4.16,14,AMAN,394
22.99,1.66,5,40.38,1.37,4,AMAN,313
229.1,9.2,32,223.43,0.0,0,BAHAYA,0
64.36,1.98,7,73.39,1.07,3,AMAN,360
237.86,5.44,19,248.9,0.0,0,BAHAYA,0
69.13,2.27,8,47.24,1.59,5,AMAN,371
249.15,7.57,27,234.48,0.0,0,BAHAYA,0
53.84,4.67,16,13.29,4.83,17,AMAN,236
157.64,83.82,300,175.94,57.95,207,SIAGA,86
12.28,0.6,2,70.39,3.94,14,AMAN,375
74.46,2.92,10,21.4,4.92,17,AMAN,226
163.79,58.01,207,245.74,88.18,315,BAHAYA,0
65.76,1.89,6,69.74,3.5,12,AMAN,266
259.16,97.34,348,267.42,77.43,277,BAHAYA,0
18.21,1.7,6,28.57,0.2,0,AMAN,295
208.2,0.18,0,221.29,0.0,0,BAHAYA,0
223.6,4.0,14,253.96,0.0,0,BAHAYA,0
40.12,3.29,11,48.66,0.06,0,AMAN,233
24.04,4.99,17,13.54,2.94,10,AMAN,231
44.41,2.26,8,13.07,2.51,8,AMAN,316
227.43,8.36,29,254.24,0.0,0,BAHAYA,0
50.74,2.0,7,41.11,0.42,1,AMAN,295
214.3,1.2,4,231.76,0.0,0,BAHAYA,0
222.23,86.12,308,172.01,44.21,158,SIAGA,79
229.35,1.57,5,248.12,0.0,0,BAHAYA,0
201.27,9.75,34,244.33,0.0,0,BAHAYA,0
222.85,97.75,349,248.03,78.14,279,BAHAYA,0
204.83,5.01,17,203.13,0.0,0,BAHAYA,0
37.47,3.24,11,23.4,2.36,8,AMAN,280
43.6,0.31,1,37.04,1.99,7,AMAN,202
243.99,3.03,10,210.22,0.0,0,BAHAYA,0
30.42,4.7,16,34.85,2.26,8,AMAN,316
217.73,3.5,12,221.68,0.0,0,BAHAYA,0
70.21,4.77,17,77.47,2.16,7,AMAN,310
64.59,0.76,2,54.91,4.9,17,AMAN,239
237.5,5.49,19,226.68,0.0,0,BAHAYA,0
43.64,3.01,10,40.11,4.61,16,AMAN,266
257.5,6.53,23,223.53,0.0,0,BAHAYA,0
26.94,2.01,7,31.1,3.12,11,AMAN,389
79.07,1.69,6,16.62,4.15,14,AMAN,337
226.09,95.19,340,197.77,85.34,305,SIAGA,75
158.51,47.44,169,153.17,80.91,289,SIAGA,43
231.59,8.27,29,229.26,0.0,0,BAHAYA,0
193.42,58.82,210,267.12,39.62,141,BAHAYA,0
259.85,7.62,27,250.51,0.0,0,BAHAYA,0
155.48,91.29,326,189.53,20.66,73,SIAGA,42
32.85,2.76,9,24.55,0.54,1,AMAN,296
205.3,5.69,20,251.26,0.0,0,BAHAYA,0
227.15,8.68,31,242.77,0.0,0,BAHAYA,0
34.54,2.88,10,29.85,0.49,1,AMAN,365
263.12,9.67,34,228.29,0.0,0,BAHAYA,0
214.24,4.52,16,215.51,0.0,0,BAHAYA,0
223.29,42.55,152,266.33,67.01,239,BAHAYA,0
261.41,3.89,13,238.42,0.0,0,BAHAYA,0
49.73,2.83,10,17.43,1.58,5,AMAN,393
211.99,21.75,77,172.72,78.46,280,SIAGA,19
150.66,81.96,293,242.56,23.39,83,BAHAYA,0
24.01,1.48,5,78.48,4.89,17,AMAN,250
21.72,0.72,2,21.1,4.37,15,AMAN,312
154.41,68.47,245,227.33,30.55,109,BAHAYA,0
226.28,7.25,25,266.04,0.0,0,BAHAYA,0
190.66,22.17,79,249.42,37.12,132,BAHAYA,0
12.21,0.4,1,19.03,4.56,16,AMAN,202
218.65,20.84,74,181.08,35.81,128,SIAGA,56
13.64,3.78,13,29.23,0.64,2,AMAN,334
185.22,91.46,327,175.78,29.28,104,SIAGA,48
215.41,3.82,13,252.36,0.0,0,BAHAYA,0
197.64,62.84,224,174.14,24.09,86,SIAGA,53
160.45,58.16,208,171.44,96.34,344,SIAGA,60
66.12,3.15,11,30.83,1.18,4,AMAN,285
33.76,4.14,14,65.25,4.54,16,AMAN,314
67.04,3.92,14,12.18,1.55,5,AMAN,366
210.89,46.87,167,207.21,28.65,102,BAHAYA,0
245.97,5.24,18,224.49,0.0,0,BAHAYA,0
48.33,0.62,2,31.23,4.77,17,AMAN,350
67.21,4.38,15,35.38,0.27,0,AMAN,211
269.14,60.72,217,197.49,95.59,342,SIAGA,46
55.05,0.89,3,79.25,2.66,9,AMAN,287
233.88,7.24,25,256.35,0.0,0,BAHAYA,0
200.37,5.77,20,225.89,0.0,0,BAHAYA,0
15.71,2.03,7,40.99,3.53,12,AMAN,272
14.22,2.58,9,76.42,0.95,3,AMAN,276
258.91,42.6,152,165.71,68.23,244,SIAGA,22
204.65,5.1,18,261.93,0.0,0,BAHAYA,0
253.66,5.46,19,243.14,0.0,0,BAHAYA,0
25.34,2.41,8,59.2,0.14,0,AMAN,216
248.85,24.4,87,157.8,95.62,342,SIAGA,68
252.62,1.93,6,265.96,0.0,0,BAHAYA,0
256.21,9.51,34,252.85,0.0,0,BAHAYA,0
150.19,32.36,115,258.37,29.17,104,BAHAYA,0
226.37,55.17,197,253.71,86.95,311,BAHAYA,0
246.98,0.53,1,256.68,0.0,0,BAHAYA,0
243.43,0.38,1,248.7,0.0,0,BAHAYA,0
157.14,45.32,162,224.33,31.22,111,BAHAYA,0
211.89,5.38,19,230.88,0.0,0,BAHAYA,0
79.74,3.22,11,46.29,3.47,12,AMAN,252
78.24,1.9,6,34.66,0.83,2,AMAN,245
196.06,95.58,342,205.49,65.27,233,BAHAYA,0
204.75,46.79,167,262.92,45.01,161,BAHAYA,0
194.29,65.67,235,208.36,34.26,122,BAHAYA,0
15.05,1.92,6,55.8,1.75,6,AMAN,250
245.79,2.86,10,232.27,0.0,0,BAHAYA,0
28.04,2.21,7,76.08,0.63,2,AMAN,234
240.52,6.45,23,237.91,0.0,0,BAHAYA,0
70.78,4.1,14,58.57,0.71,2,AMAN,380
210.95,8.25,29,253.32,0.0,0,BAHAYA,0
61.99,2.94,10,45.88,4.53,16,AMAN,396
230.23,63.0,225,240.36,96.13,344,BAHAYA,0
34.22,4.0,14,41.85,2.44,8,AMAN,338
214.16,9.8,35,260.47,0.0,0,BAHAYA,0
79.14,4.13,14,59.46,2.6,9,AMAN,235
12.81,3.16,11,75.84,2.44,8,AMAN,295
70.69,3.92,14,33.05,2.89,10,AMAN,220
259.59,99.63,356,155.91,20.35,72,SIAGA,51
40.7,2.07,7,44.74,0.53,1,AMAN,387
254.84,63.06,225,215.81,67.81,242,BAHAYA,0
236.88,62.67,224,173.68,83.94,300,SIAGA,79
71.14,3.03,10,63.23,0.36,1,AMAN,341
73.05,1.1,3,78.95,3.93,14,AMAN,335
39.52,3.13,11,76.2,1.88,6,AMAN,393
257.53,9.45,33,259.8,0.0,0,BAHAYA,0
51.46,0.92,3,71.28,3.17,11,AMAN,278
151.4,68.26,244,247.52,81.53,291,BAHAYA,0
24.75,3.02,10,41.77,4.44,15,AMAN,361
248.47,2.4,8,229.35,0.0,0,BAHAYA,0
54.21,2.62,9,69.47,4.34,15,AMAN,261
265.73,4.55,16,219.94,0.0,0,BAHAYA,0
244.55,5.82,20,235.36,0.0,0,BAHAYA,0
60.11,0.4,1,44.53,4.09,14,AMAN,241
217.04,49.68,177,244.78,98.51,352,BAHAYA,0
213.36,5.04,18,255.39,0.0,0,BAHAYA,0
26.63,0.92,3,73.06,3.03,10,AMAN,374
78.0,1.01,3,57.19,1.83,6,AMAN,299
251.47,47.76,170,202.44,39.35,140,BAHAYA,0
218.52,9.36,33,203.5,0.0,0,BAHAYA,0
246.34,9.12,32,261.15,0.0,0,BAHAYA,0
27.31,2.56,9,18.47,4.99,17,AMAN,349
70.95,2.42,8,15.51,2.47,8,AMAN,320
186.76,66.12,236,170.49,79.54,284,SIAGA,49
244.68,47.37,169,177.22,57.36,205,SIAGA,17
206.19,9.68,34,261.34,0.0,0,BAHAYA,0
248.93,8.9,31,220.86,0.0,0,BAHAYA,0
21.45,0.31,1,40.17,3.94,14,AMAN,271
230.26,5.3,18,221.05,0.0,0,BAHAYA,0
260.0,40.87,146,229.55,68.41,244,BAHAYA,0
201.72,20.73,74,252.3,75.09,268,BAHAYA,0
55.97,4.39,15,58.12,4.47,15,AMAN,322
219.86,60.89,217,208.98,58.51,209,BAHAYA,0
194.54,55.64,199,267.06,23.55,84,BAHAYA,0
222.13,97.36,348,189.99,85.4,305,SIAGA,13
234.67,65.7,235,221.41,99.19,355,BAHAYA,0
41.77,0.22,0,39.67,4.47,15,AMAN,389
26.52,0.93,3,55.49,4.43,15,AMAN,346
262.85,4.14,14,269.9,0.0,0,BAHAYA,0
201.66,89.44,320,265.11,72.2,258,BAHAYA,0
222.77,6.93,24,250.89,0.0,0,BAHAYA,0
33.59,4.73,16,29.48,0.26,0,AMAN,261
68.02,4.21,15,14.31,3.73,13,AMAN,306
40.16,1.48,5,21.37,2.53,9,AMAN,282
27.41,0.39,1,72.65,3.24,11,AMAN,380
53.2,0.85,3,58.02,2.51,8,AMAN,351
59.47,0.63,2,27.49,2.46,8,AMAN,255
21.69,0.62,2,14.59,0.86,3,AMAN,389
158.61,97.34,348,261.78,56.21,201,BAHAYA,0
269.92,2.04,7,239.19,0.0,0,BAHAYA,0
61.55,1.79,6,38.32,0.98,3,AMAN,267
231.25,47.84,171,204.54,87.17,311,BAHAYA,0
222.69,91.64,328,175.11,67.22,240,SIAGA,81
260.06,3.29,11,216.26,0.0,0,BAHAYA,0
66.4,0.71,2,77.95,2.95,10,AMAN,207
216.9,5.12,18,213.92,0.0,0,BAHAYA,0
70.78,2.77,9,51.8,0.77,2,AMAN,237
232.59,75.02,268,203.82,29.57,105,BAHAYA,0
166.87,41.88,149,267.68,53.34,190,BAHAYA,0
208.27,78.92,282,192.03,25.82,92,SIAGA,74
153.3,24.13,86,204.26,27.9,99,BAHAYA,0
254.86,1.99,7,232.75,0.0,0,BAHAYA,0
75.56,2.45,8,48.04,4.13,14,AMAN,264
12.75,2.08,7,31.33,3.49,12,AMAN,266
245.8,9.15,32,218.51,0.0,0,BAHAYA,0
41.65,1.68,6,16.01,2.09,7,AMAN,332
196.56,45.66,163,167.98,62.42,223,SIAGA,82
32.13,0.49,1,23.74,0.94,3,AMAN,337
152.8,44.76,160,180.44,40.81,146,SIAGA,59
253.36,0.58,2,240.81,0.0,0,BAHAYA,0
20.38,3.64,13,39.1,1.64,5,AMAN,257
258.6,4.36,15,266.44,0.0,0,BAHAYA,0
77.56,1.97,7,35.74,4.2,15,AMAN,348
163.94,98.67,353,164.03,28.02,100,SIAGA,13
243.72,7.67,27,259.09,0.0,0,BAHAYA,0
54.74,0.9,3,56.46,0.52,1,AMAN,268
256.61,77.28,276,165.64,58.02,207,SIAGA,85
240.67,7.21,25,257.6,0.0,0,BAHAYA,0
269.35,9.41,33,213.22,0.0,0,BAHAYA,0
44.22,2.38,8,23.54,3.21,11,AMAN,271
56.68,4.61,16,24.73,2.36,8,AMAN,216
19.78,0.36,1,11.61,4.54,16,AMAN,272
196.74,79.17,283,179.61,60.62,216,SIAGA,75
31.56,1.75,6,24.75,1.44,5,AMAN,269
241.78,1.15,4,216.09,0.0,0,BAHAYA,0
264.97,1.26,4,200.06,0.0,0,BAHAYA,0
57.14,1.2,4,18.92,1.72,6,AMAN,334
77.89,4.37,15,54.75,3.47,12,AMAN,206
236.94,0.21,0,207.31,0.0,0,BAHAYA,0
241.43,30.7,109,228.48,37.91,135,BAHAYA,0
41.06,2.0,7,55.13,4.86,17,AMAN,207
70.77,2.05,7,33.78,1.33,4,AMAN,227
245.47,5.39,19,203.12,0.0,0,BAHAYA,0
58.48,0.9,3,49.02,1.97,7,AMAN,398
173.35,69.62,249,253.04,53.17,190,BAHAYA,0
241.52,0.64,2,222.62,0.0,0,BAHAYA,0
57.83,3.65,13,18.14,4.97,17,AMAN,209
231.83,8.41,30,231.4,0.0,0,BAHAYA,0
53.25,2.89,10,40.6,4.76,17,AMAN,232
70.82,4.16,14,28.75,4.17,14,AMAN,334
49.94,4.02,14,52.28,4.51,16,AMAN,330
219.66,76.32,273,263.4,98.88,353,BAHAYA,0
166.7,37.4,133,166.99,28.06,100,SIAGA,36
235.03,6.15,22,226.61,0.0,0,BAHAYA,0
57.36,0.7,2,38.33,1.85,6,AMAN,260
25.1,2.08,7,25.76,0.1,0,AMAN,363
198.21,96.37,344,189.6,89.55,320,SIAGA,35
37.57,2.01,7,43.56,2.53,9,AMAN,215
255.64,39.33,140,258.18,26.5,94,BAHAYA,0
17.46,4.98,17,73.97,4.87,17,AMAN,237
241.95,2.68,9,234.09,0.0,0,BAHAYA,0
79.96,3.38,12,36.14,0.81,2,AMAN,237
13.37,1.98,7,36.85,1.84,6,AMAN,302
197.42,82.22,294,202.41,30.67,109,BAHAYA,0
38.48,0.79,2,55.56,1.8,6,AMAN,262
70.95,4.75,16,52.99,3.99,14,AMAN,319
215.16,48.77,174,151.83,88.61,317,SIAGA,48
201.34,6.58,23,232.55,0.0,0,BAHAYA,0
254.54,8.24,29,248.29,0.0,0,BAHAYA,0
259.13,24.87,89,203.23,99.88,357,BAHAYA,0
236.66,76.13,272,170.53,54.65,195,SIAGA,85
214.01,20.79,74,254.79,76.24,272,BAHAYA,0
254.4,52.73,188,234.59,34.61,123,BAHAYA,0
165.68,46.35,165,160.22,68.79,246,SIAGA,34
237.52,1.17,4,261.62,0.0,0,BAHAYA,0
234.19,5.28,18,219.6,0.0,0,BAHAYA,0
245.31,44.33,158,264.75,86.31,308,BAHAYA,0
67.25,0.81,2,34.01,1.26,4,AMAN,331
255.25,43.51,155,179.75,51.13,182,SIAGA,14
48.11,2.77,9,40.76,3.85,13,AMAN,314
167.86,78.16,279,261.86,66.14,236,BAHAYA,0
205.52,75.43,269,236.47,33.24,118,BAHAYA,0
241.5,4.91,17,243.66,0.0,0,BAHAYA,0
37.73,0.13,0,39.46,0.05,0,AMAN,248
58.68,1.77,6,77.3,4.69,16,AMAN,266
202.22,4.24,15,206.98,0.0,0,BAHAYA,0
229.63,7.15,25,225.43,0.0,0,BAHAYA,0
205.92,6.04,21,235.09,0.0,0,BAHAYA,0
242.48,2.99,10,203.04,0.0,0,BAHAYA,0
25.91,2.84,10,33.58,1.18,4,AMAN,232
15.12,3.98,14,49.86,0.69,2,AMAN,318
211.35,57.95,207,172.3,63.68,227,SIAGA,67
209.08,46.7,167,267.36,63.76,228,BAHAYA,0
260.41,3.72,13,234.67,0.0,0,BAHAYA,0
262.03,0.26,0,229.94,0.0,0,BAHAYA,0
213.77,2.22,7,266.92,0.0,0,BAHAYA,0
198.91,70.54,252,187.93,99.95,357,SIAGA,10
249.3,61.5,220,200.94,44.67,159,BAHAYA,0
241.74,24.09,86,187.12,90.76,324,SIAGA,55
218.82,38.63,138,183.68,74.1,265,SIAGA,76
264.73,59.36,212,266.67,47.27,169,BAHAYA,0
174.06,44.82,160,168.4,63.48,227,SIAGA,65
163.11,34.54,123,238.0,87.24,312,BAHAYA,0
268.14,7.71,27,206.2,0.0,0,BAHAYA,0
232.55,9.15,32,242.63,0.0,0,BAHAYA,0
259.32,8.55,30,220.17,0.0,0,BAHAYA,0
204.37,6.83,24,211.22,0.0,0,BAHAYA,0
157.49,30.66,109,172.26,23.36,83,SIAGA,64
60.27,2.36,8,79.68,2.78,9,AMAN,244
203.8,89.42,320,235.51,88.39,316,BAHAYA,0
11.28,3.13,11,17.9,2.21,7,AMAN,367
259.68,5.08,18,243.66,0.0,0,BAHAYA,0
261.17,82.07,293,180.26,70.22,251,SIAGA,37
205.96,8.45,30,232.86,0.0,0,BAHAYA,0
207.22,81.42,291,260.8,31.28,111,BAHAYA,0
204.97,9.81,35,237.06,0.0,0,BAHAYA,0
74.89,0.11,0,13.95,3.53,12,AMAN,286
14.22,4.31,15,35.86,2.67,9,AMAN,336
75.41,2.89,10,45.41,3.39,12,AMAN,329
185.93,71.71,256,168.81,37.3,133,SIAGA,35
17.1,2.98,10,61.0,2.16,7,AMAN,250
246.53,62.3,222,214.49,65.63,234,BAHAYA,0
27.97,2.15,7,52.89,3.82,13,AMAN,312
29.94,3.75,13,50.98,2.91,10,AMAN,230
264.89,26.52,94,243.76,87.07,311,BAHAYA,0
151.06,54.8,196,231.61,64.44,230,BAHAYA,0
47.74,0.9,3,28.16,0.15,0,AMAN,385
231.22,63.63,227,259.15,97.71,349,BAHAYA,0
52.72,0.99,3,18.35,3.79,13,AMAN,250
185.35,75.33,269,216.85,92.1,329,BAHAYA,0
220.96,0.09,0,259.13,0.0,0,BAHAYA,0
216.28,0.75,2,229.29,0.0,0,BAHAYA,0
209.08,2.5,8,230.86,0.0,0,BAHAYA,0
217.95,6.69,23,244.4,0.0,0,BAHAYA,0
224.87,8.88,31,254.21,0.0,0,BAHAYA,0
22.7,0.41,1,38.33,2.81,10,AMAN,374
204.38,6.07,21,241.52,0.0,0,BAHAYA,0
214.74,1.88,6,213.07,0.0,0,BAHAYA,0
256.63,8.05,28,224.22,0.0,0,BAHAYA,0
210.28,9.67,34,224.36,0.0,0,BAHAYA,0
223.63,86.25,308,229.1,58.5,209,BAHAYA,0
77.4,2.0,7,21.68,4.53,16,AMAN,288
210.84,0.86,3,207.52,0.0,0,BAHAYA,0
205.79,5.59,20,210.19,0.0,0,BAHAYA,0
233.92,5.03,17,202.34,0.0,0,BAHAYA,0
13.04,3.34,11,68.08,1.48,5,AMAN,389
157.92,30.85,110,161.48,96.25,344,SIAGA,93
76.6,4.66,16,76.2,2.18,7,AMAN,266
163.32,50.8,181,160.92,77.93,278,SIAGA,87
240.65,5.86,20,251.34,0.0,0,BAHAYA,0
235.39,0.08,0,244.62,0.0,0,BAHAYA,0
25.97,2.29,8,54.14,3.75,13,AMAN,335
24.84,2.82,10,41.47,2.55,9,AMAN,259
212.71,29.0,103,158.05,88.87,318,SIAGA,43
185.95,78.87,282,221.24,85.73,306,BAHAYA,0
68.79,4.66,16,47.0,1.55,5,AMAN,389
210.07,71.13,254,249.39,87.89,314,BAHAYA,0
34.74,3.6,12,61.49,0.59,2,AMAN,339
234.85,99.81,357,257.69,40.3,144,BAHAYA,0
64.64,4.4,15,17.94,0.46,1,AMAN,299
29.24,0.25,0,60.44,1.16,4,AMAN,316
67.58,1.16,4,45.02,0.23,0,AMAN,381
185.43,21.97,78,215.04,41.07,147,BAHAYA,0
177.89,75.74,271,260.28,20.31,72,BAHAYA,0
183.72,78.03,279,257.99,59.64,213,BAHAYA,0
53.67,0.69,2,67.44,4.64,16,AMAN,259
261.51,97.96,350,182.93,80.35,287,SIAGA,50
198.61,98.05,350,197.18,42.09,150,SIAGA,29
21.76,3.37,12,47.96,4.23,15,AMAN,245
258.81,0.79,2,204.31,0.0,0,BAHAYA,0
70.4,3.79,13,62.24,1.77,6,AMAN,388
177.12,71.79,256,253.33,82.52,295,BAHAYA,0
16.7,1.56,5,21.8,4.5,16,AMAN,265
213.66,9.2,32,250.26,0.0,0,BAHAYA,0
54.94,1.05,3,60.01,4.51,16,AMAN,235
192.94,92.95,332,191.34,74.39,266,SIAGA,17
234.48,5.69,20,215.48,0.0,0,BAHAYA,0
164.75,23.2,83,182.4,28.72,102,SIAGA,92
258.68,9.42,33,238.33,0.0,0,BAHAYA,0
225.3,7.4,26,210.12,0.0,0,BAHAYA,0
44.77,3.83,13,18.41,2.77,9,AMAN,224
79.14,3.46,12,47.42,2.65,9,AMAN,304
224.97,24.41,87,206.44,73.1,261,BAHAYA,0
58.66,1.97,7,39.22,0.38,1,AMAN,356
38.3,0.65,2,61.15,4.48,16,AMAN,326
208.82,1.91,6,224.89,0.0,0,BAHAYA,0
60.23,3.65,13,15.19,0.7,2,AMAN,205
266.6,4.54,16,235.71,0.0,0,BAHAYA,0
212.28,3.02,10,208.95,0.0,0,BAHAYA,0
239.74,3.84,13,251.73,0.0,0,BAHAYA,0
212.42,97.81,350,258.87,43.55,155,BAHAYA,0
167.15,48.8,174,238.84,89.82,321,BAHAYA,0
243.04,58.23,208,215.14,83.76,299,BAHAYA,0
216.09,1.18,4,234.84,0.0,0,BAHAYA,0
209.6,74.6,267,191.73,30.46,109,SIAGA,21
184.11,72.98,261,212.46,37.21,133,BAHAYA,0
72.59,1.35,4,29.68,2.37,8,AMAN,302
225.55,41.45,148,200.2,50.8,181,BAHAYA,0
156.52,45.25,161,235.7,86.92,311,BAHAYA,0
212.97,3.66,13,211.97,0.0,0,BAHAYA,0
219.51,8.07,28,203.07,0.0,0,BAHAYA,0
215.31,5.23,18,245.76,0.0,0,BAHAYA,0
212.8,1.17,4,254.18,0.0,0,BAHAYA,0
257.8,1.29,4,256.97,0.0,0,BAHAYA,0
220.0,5.37,19,234.55,0.0,0,BAHAYA,0
234.84,55.92,200,226.83,22.67,81,BAHAYA,0
267.89,3.08,11,251.61,0.0,0,BAHAYA,0
239.99,8.7,31,248.98,0.0,0,BAHAYA,0
55.56,0.31,1,22.52,3.76,13,AMAN,273
179.62,85.7,306,269.18,36.52,130,BAHAYA,0
238.91,39.57,141,162.73,97.59,349,SIAGA,81
187.95,53.7,192,177.97,22.0,78,SIAGA,71
206.09,7.28,26,260.22,0.0,0,BAHAYA,0
238.97,2.0,7,248.15,0.0,0,BAHAYA,0
259.16,3.71,13,265.71,0.0,0,BAHAYA,0
49.04,1.51,5,77.99,0.67,2,AMAN,345
212.26,7.25,25,213.33,0.0,0,BAHAYA,0
42.56,4.29,15,70.27,1.79,6,AMAN,265
257.02,92.89,332,171.6,41.92,150,SIAGA,63
215.27,4.85,17,227.28,0.0,0,BAHAYA,0
77.03,3.45,12,58.34,4.51,16,AMAN,221
22.27,4.73,16,45.94,4.81,17,AMAN,285
218.43,1.72,6,223.12,0.0,0,BAHAYA,0
160.71,55.04,197,183.24,80.84,289,SIAGA,57
232.44,47.39,169,253.48,58.85,210,BAHAYA,0
209.26,63.72,228,184.02,47.43,169,SIAGA,97
41.53,2.55,9,62.55,2.62,9,AMAN,390
62.93,0.6,2,44.2,2.78,9,AMAN,306
34.33,1.56,5,52.23,3.71,13,AMAN,333
56.54,4.01,14,32.79,1.1,3,AMAN,213
170.03,35.06,125,199.11,90.77,324,SIAGA,83
206.56,6.39,22,220.03,0.0,0,BAHAYA,0
26.42,4.76,17,13.07,4.8,17,AMAN,351
37.95,1.64,5,32.86,2.22,7,AMAN,274
241.32,87.23,312,204.84,69.89,250,BAHAYA,0
220.4,0.85,3,230.64,0.0,0,BAHAYA,0
214.53,4.5,16,201.51,0.0,0,BAHAYA,0
185.77,65.82,235,249.26,98.89,353,BAHAYA,0
162.64,85.56,306,201.0,85.69,306,BAHAYA,0
232.76,4.95,17,222.52,0.0,0,BAHAYA,0
53.65,0.66,2,28.39,4.73,16,AMAN,235
253.24,2.68,9,226.35,0.0,0,BAHAYA,0
193.21,41.94,150,203.9,28.01,100,BAHAYA,0
18.94,3.39,12,46.02,4.46,15,AMAN,203
67.82,1.26,4,24.01,4.24,15,AMAN,391
201.93,70.05,250,236.23,21.32,76,BAHAYA,0
204.92,66.46,237,175.65,85.18,304,SIAGA,87
175.07,79.33,283,173.63,48.74,174,SIAGA,97
227.85,8.65,30,211.33,0.0,0,BAHAYA,0
257.93,3.21,11,217.45,0.0,0,BAHAYA,0
35.21,4.25,15,66.86,2.85,10,AMAN,321
242.11,30.09,107,194.58,91.18,326,SIAGA,83
75.59,0.84,3,62.73,4.67,16,AMAN,295
48.77,4.18,14,60.14,2.16,7,AMAN,266
31.39,2.74,9,56.86,2.69,9,AMAN,319
37.79,0.95,3,43.39,2.23,7,AMAN,214
228.88,70.27,251,255.65,43.9,157,BAHAYA,0
52.04,2.56,9,12.69,2.35,8,AMAN,217
255.62,28.45,101,199.45,99.89,357,SIAGA,38
175.89,85.03,304,154.27,70.37,251,SIAGA,67
202.44,7.46,26,202.75,0.0,0,BAHAYA,0
222.93,69.46,248,216.5,82.54,295,BAHAYA,0
230.67,7.57,27,252.12,0.0,0,BAHAYA,0
166.39,76.26,272,234.84,65.94,236,BAHAYA,0
228.2,86.76,310,171.3,86.64,310,SIAGA,58
238.63,24.5,87,180.27,75.05,268,SIAGA,63
231.43,1.3,4,254.79,0.0,0,BAHAYA,0
216.62,3.46,12,231.87,0.0,0,BAHAYA,0
71.46,4.4,15,49.29,1.08,3,AMAN,374
