air_hulu_cm,hujan_hulu_mm,jungkit_hujan_hulu,air_lokal_cm,hujan_lokal_mm,jungkit_hujan_lokal,status,estimasi_menit
148.11,113.83,569,190.83,92.85,464,SIAGA,13
140.12,79.8,399,162.44,82.18,411,SIAGA,8
178.62,80.28,401,164.31,85.29,426,SIAGA,23
153.95,104.12,521,141.78,101.05,505,SIAGA,26
109.86,65.04,325,65.38,41.85,209,WASPADA,65
185.91,93.14,466,159.97,115.8,579,SIAGA,10
187.7,118.57,593,145.48,71.26,356,SIAGA,22
139.81,85.3,427,155.11,80.76,404,SIAGA,34
255.38,145.58,728,235.44,130.35,652,BAHAYA,0
51.96,20.45,102,30.37,17.19,86,AMAN,150
225.53,90.84,454,264.68,128.7,643,BAHAYA,3
42.17,17.73,89,46.62,24.47,122,AMAN,177
189.94,79.2,396,196.64,92.05,460,SIAGA,15
204.42,144.31,722,231.07,113.71,569,BAHAYA,2
257.48,104.75,524,242.42,106.57,533,BAHAYA,3
225.94,96.39,482,239.61,142.97,715,BAHAYA,4
132.29,39.83,199,96.59,56.85,284,WASPADA,51
208.46,110.49,552,232.15,128.18,641,BAHAYA,0
269.12,107.4,537,253.56,127.69,638,BAHAYA,5
118.88,69.18,346,93.73,33.2,166,WASPADA,54
180.54,91.42,457,177.17,116.14,581,SIAGA,4
3.88,34.47,172,64.93,36.18,181,AMAN,205
114.0,51.89,259,68.59,52.36,262,WASPADA,55
136.35,109.0,545,186.95,96.87,484,SIAGA,16
58.41,38.06,190,14.69,13.14,66,AMAN,128
8.05,0.22,1,36.48,12.66,63,AMAN,160
21.94,34.73,174,8.02,23.15,116,AMAN,194
206.75,93.7,468,212.53,133.81,669,BAHAYA,0
204.78,133.8,669,252.26,130.65,653,BAHAYA,3
251.08,137.14,686,255.05,133.01,665,BAHAYA,5
83.22,47.29,236,122.78,61.5,308,WASPADA,58
14.87,26.2,131,15.48,0.77,4,AMAN,134
171.07,93.85,469,177.16,105.84,529,SIAGA,20
112.65,54.99,275,119.05,60.88,304,WASPADA,49
108.73,71.25,356,83.2,76.8,384,WASPADA,74
61.7,31.06,155,41.32,18.78,94,AMAN,120
175.31,116.34,582,131.21,107.0,535,SIAGA,11
139.32,99.25,496,127.69,91.47,457,SIAGA,21
257.91,114.47,572,224.89,131.74,659,BAHAYA,1
21.37,0.91,5,56.61,31.76,159,AMAN,139
122.03,37.29,186,94.44,68.53,343,WASPADA,44
42.07,34.07,170,5.48,35.91,180,AMAN,122
124.27,60.16,301,88.79,58.8,294,WASPADA,40
216.73,93.66,468,252.71,149.68,748,BAHAYA,1
126.51,68.49,342,107.72,37.84,189,WASPADA,60
95.75,67.28,336,122.07,67.7,338,WASPADA,34
242.93,91.18,456,210.2,153.67,768,BAHAYA,1
164.63,80.13,401,137.66,96.79,484,SIAGA,19
132.18,45.64,228,99.72,54.53,273,WASPADA,65
231.1,118.75,594,249.97,125.32,627,BAHAYA,1
184.95,96.26,481,162.93,111.07,555,SIAGA,10
206.43,124.44,622,218.6,111.72,559,BAHAYA,3
124.42,62.44,312,99.07,34.37,172,WASPADA,73
136.04,109.87,549,192.04,100.74,504,SIAGA,18
33.68,10.87,54,3.45,35.42,177,AMAN,139
6.24,35.12,176,60.11,24.69,123,AMAN,148
180.6,78.08,390,175.68,89.37,447,SIAGA,1
9.44,2.91,15,53.75,38.49,192,AMAN,192
4.92,20.27,101,11.37,13.14,66,AMAN,225
239.61,114.03,570,219.73,149.64,748,BAHAYA,2
79.89,78.33,392,100.88,75.93,380,WASPADA,43
57.32,18.49,92,47.15,3.82,19,AMAN,158
192.63,85.63,428,201.82,71.98,360,SIAGA,19
49.02,2.35,12,5.47,9.64,48,AMAN,144
188.86,100.38,502,133.04,92.74,464,SIAGA,7
141.68,87.33,437,187.71,76.48,382,SIAGA,8
196.61,79.55,398,175.03,89.7,448,SIAGA,18
226.68,124.37,622,224.15,112.45,562,BAHAYA,0
25.08,31.7,158,24.83,36.94,185,AMAN,227
173.37,103.79,519,149.08,81.37,407,SIAGA,2
57.99,10.06,50,54.74,6.66,33,AMAN,186
68.61,61.98,310,104.21,61.25,306,WASPADA,51
176.36,88.97,445,177.24,111.56,558,SIAGA,26
179.71,110.73,554,182.89,116.34,582,SIAGA,12
130.18,51.38,257,76.85,51.17,256,WASPADA,60
93.59,40.34,202,75.43,60.14,301,WASPADA,86
177.27,84.62,423,182.53,72.94,365,SIAGA,13
64.77,33.27,166,64.56,11.48,57,AMAN,148
137.99,104.39,522,199.03,115.73,579,SIAGA,3
108.43,70.42,352,110.74,43.22,216,WASPADA,84
199.98,77.73,389,154.09,86.63,433,SIAGA,10
19.65,26.23,131,22.02,29.34,147,AMAN,209
134.78,62.07,310,121.05,45.01,225,WASPADA,58
36.82,34.62,173,29.58,13.69,68,AMAN,126
71.82,46.52,233,81.16,42.1,211,WASPADA,88
200.75,110.39,552,175.01,105.04,525,SIAGA,14
264.63,128.09,640,209.35,141.84,709,BAHAYA,3
144.78,116.77,584,137.22,113.1,566,SIAGA,35
246.47,122.06,610,231.07,107.97,540,BAHAYA,3
95.59,59.0,295,108.82,33.05,165,WASPADA,74
95.45,64.79,324,83.34,59.68,298,WASPADA,69
118.54,76.84,384,128.88,58.28,291,WASPADA,43
161.6,114.68,573,186.87,79.97,400,SIAGA,4
57.24,9.64,48,32.98,33.96,170,AMAN,143
262.02,107.99,540,206.32,122.55,613,BAHAYA,3
109.7,60.45,302,118.6,37.2,186,WASPADA,67
219.16,94.77,474,218.65,103.1,515,BAHAYA,2
47.17,5.32,27,14.27,0.57,3,AMAN,148
50.55,35.2,176,6.91,19.7,99,AMAN,196
224.85,100.36,502,234.39,158.93,795,BAHAYA,1
146.66,99.35,497,161.32,97.94,490,SIAGA,16
125.51,75.07,375,81.92,66.94,335,WASPADA,71
212.64,91.4,457,203.58,131.06,655,BAHAYA,2
83.66,73.72,369,100.5,61.89,309,WASPADA,59
164.12,110.45,552,189.09,80.99,405,SIAGA,9
146.31,118.0,590,201.11,108.9,544,SIAGA,21
146.14,87.19,436,169.09,115.14,576,SIAGA,9
213.01,102.07,510,246.43,151.07,755,BAHAYA,5
51.47,16.43,82,27.99,28.77,144,AMAN,134
241.16,159.41,797,258.77,101.45,507,BAHAYA,3
186.59,109.41,547,169.95,106.84,534,SIAGA,15
261.95,152.95,765,246.46,133.65,668,BAHAYA,2
227.94,124.23,621,220.06,118.52,593,BAHAYA,4
241.25,112.09,560,225.27,97.46,487,BAHAYA,2
34.86,20.29,101,51.75,33.24,166,AMAN,173
111.31,72.27,361,133.06,31.16,156,WASPADA,74
55.33,13.07,65,8.63,29.0,145,AMAN,128
220.76,93.64,468,248.03,97.96,490,BAHAYA,0
190.24,110.03,550,175.78,83.33,417,SIAGA,18
87.16,72.9,365,121.2,71.48,357,WASPADA,79
258.37,122.15,611,250.0,93.86,469,BAHAYA,3
94.47,43.77,219,113.49,73.62,368,WASPADA,45
170.29,80.95,405,201.73,103.1,515,SIAGA,17
112.55,75.8,379,119.66,41.5,207,WASPADA,55
4.9,26.06,130,40.43,24.16,121,AMAN,163
140.42,110.95,555,200.1,111.77,559,SIAGA,19
169.7,115.07,575,172.36,94.98,475,SIAGA,10
133.48,42.11,211,116.8,53.37,267,WASPADA,70
241.63,106.91,535,268.88,137.69,688,BAHAYA,1
229.37,149.82,749,234.72,113.8,569,BAHAYA,4
148.58,90.05,450,139.22,91.07,455,SIAGA,33
262.89,133.05,665,225.5,154.88,774,BAHAYA,5
125.05,75.95,380,75.64,35.7,179,WASPADA,69
227.57,133.97,670,210.09,98.5,492,BAHAYA,6
180.3,107.66,538,172.78,78.32,392,SIAGA,9
29.07,24.02,120,26.7,24.77,124,AMAN,122
41.54,34.86,174,35.74,30.76,154,AMAN,123
58.52,16.45,82,60.35,10.8,54,AMAN,183
48.79,24.66,123,24.64,24.71,124,AMAN,175
7.45,0.44,2,33.01,18.28,91,AMAN,131
53.49,27.38,137,43.55,31.04,155,AMAN,199
14.21,16.03,80,40.94,32.75,164,AMAN,215
177.3,92.92,465,167.39,95.55,478,SIAGA,25
89.75,55.94,280,115.3,48.42,242,WASPADA,58
245.95,126.77,634,223.88,94.62,473,BAHAYA,5
210.01,145.69,728,231.34,99.9,499,BAHAYA,0
265.5,125.17,626,264.82,112.95,565,BAHAYA,4
12.14,7.08,35,45.63,20.48,102,AMAN,194
248.77,130.3,651,265.48,98.83,494,BAHAYA,2
128.29,64.21,321,61.64,77.21,386,WASPADA,53
159.79,86.91,435,176.69,73.98,370,SIAGA,25
24.19,35.78,179,6.14,5.34,27,AMAN,220
239.5,139.17,696,221.07,136.12,681,BAHAYA,5
88.89,69.01,345,118.05,55.54,278,WASPADA,80
264.42,121.58,608,256.65,140.31,702,BAHAYA,2
83.44,67.09,335,60.11,77.38,387,WASPADA,60
102.66,41.49,207,93.01,46.08,230,WASPADA,68
148.2,101.59,508,129.59,107.42,537,SIAGA,28
7.92,24.53,123,46.68,34.22,171,AMAN,187
249.34,101.43,507,256.27,97.3,487,BAHAYA,1
199.89,97.07,485,159.4,82.09,410,SIAGA,15
255.47,134.44,672,211.21,98.67,493,BAHAYA,0
142.79,118.08,590,134.7,103.02,515,SIAGA,25
157.41,101.15,506,177.09,99.55,498,SIAGA,11
221.32,93.62,468,252.34,93.45,467,BAHAYA,2
162.58,105.02,525,176.78,85.45,427,SIAGA,3
117.1,60.98,305,100.67,54.91,275,WASPADA,62
198.1,113.51,568,134.57,117.58,588,SIAGA,11
88.01,46.41,232,130.55,51.05,255,WASPADA,73
73.94,61.32,307,76.55,66.05,330,WASPADA,94
102.33,51.92,260,67.82,53.9,269,WASPADA,77
95.1,69.49,347,65.13,44.0,220,WASPADA,58
19.34,6.02,30,38.94,18.76,94,AMAN,177
222.91,100.19,501,212.09,138.82,694,BAHAYA,4
73.06,48.08,240,131.36,34.51,173,WASPADA,72
92.24,37.01,185,95.44,36.86,184,WASPADA,59
86.37,38.77,194,65.96,73.82,369,WASPADA,47
103.9,54.82,274,67.25,67.05,335,WASPADA,60
238.87,103.75,519,245.57,104.82,524,BAHAYA,1
186.59,89.58,448,179.06,103.11,516,SIAGA,12
115.84,43.77,219,66.85,73.0,365,WASPADA,66
169.0,102.24,511,181.23,79.15,396,SIAGA,3
124.66,53.92,270,111.94,62.98,315,WASPADA,57
183.7,106.19,531,175.57,70.41,352,SIAGA,8
262.71,139.68,698,233.84,158.86,794,BAHAYA,0
12.19,36.9,184,57.74,14.56,73,AMAN,135
71.23,72.5,362,127.72,62.72,314,WASPADA,56
102.61,35.34,177,60.41,40.73,204,WASPADA,44
235.99,122.48,612,215.89,107.21,536,BAHAYA,5
161.95,75.47,377,135.72,96.67,483,SIAGA,26
208.27,107.38,537,225.17,159.16,796,BAHAYA,3
258.58,155.48,777,211.96,142.6,713,BAHAYA,5
199.71,114.18,571,128.88,98.27,491,SIAGA,10
28.83,19.17,96,13.44,2.5,13,AMAN,184
48.72,16.59,83,49.76,13.49,67,AMAN,154
83.57,70.35,352,81.08,75.53,378,WASPADA,61
123.08,69.13,346,88.53,77.26,386,WASPADA,37
5.37,21.36,107,59.95,31.87,159,AMAN,156
162.91,103.88,519,137.41,117.59,588,SIAGA,15
39.1,38.0,190,5.21,38.46,192,AMAN,179
44.22,21.65,108,54.75,20.66,103,AMAN,140
178.0,86.86,434,149.99,79.36,397,SIAGA,21
172.61,102.78,514,188.6,108.44,542,SIAGA,13
184.67,110.32,552,147.06,118.86,594,SIAGA,6
229.8,130.83,654,206.85,151.9,760,BAHAYA,2
179.69,108.17,541,182.84,98.32,492,SIAGA,26
41.26,0.95,5,15.61,33.93,170,AMAN,115
248.18,158.99,795,268.66,138.07,690,BAHAYA,1
84.59,55.19,276,64.69,65.9,330,WASPADA,69
223.75,153.62,768,216.52,143.23,716,BAHAYA,2
63.65,22.36,112,63.69,24.64,123,AMAN,151
57.33,15.49,77,55.62,26.06,130,AMAN,126
247.41,154.11,771,267.69,125.2,626,BAHAYA,3
254.53,129.58,648,231.51,91.47,457,BAHAYA,0
164.14,82.68,413,167.21,84.5,423,SIAGA,21
128.92,56.9,285,100.4,35.17,176,WASPADA,62
171.66,117.14,586,190.54,97.72,489,SIAGA,14
6.4,17.62,88,41.8,22.88,114,AMAN,129
214.16,102.31,512,250.72,106.48,532,BAHAYA,2
147.82,104.81,524,186.41,96.8,484,SIAGA,10
68.22,50.64,253,106.47,68.92,345,WASPADA,42
169.29,93.81,469,149.04,101.62,508,SIAGA,20
251.42,153.41,767,224.39,98.86,494,BAHAYA,2
21.64,10.56,53,53.28,17.12,86,AMAN,123
261.27,121.43,607,262.69,122.15,611,BAHAYA,1
12.18,11.87,59,12.29,20.47,102,AMAN,181
186.45,108.54,543,173.03,71.91,360,SIAGA,27
104.63,77.98,390,88.53,35.43,177,WASPADA,57
267.5,102.89,514,245.1,97.4,487,BAHAYA,6
150.44,86.64,433,170.84,102.44,512,SIAGA,27
91.61,55.74,279,123.11,77.98,390,WASPADA,64
213.28,116.13,581,227.56,100.6,503,BAHAYA,3
110.36,53.41,267,74.92,66.8,334,WASPADA,51
200.02,81.29,406,168.99,88.35,442,SIAGA,20
46.36,8.75,44,43.68,27.77,139,AMAN,132
60.11,30.42,152,59.43,25.04,125,AMAN,111
62.37,26.38,132,46.2,8.41,42,AMAN,177
211.64,97.08,485,251.24,133.62,668,BAHAYA,1
28.55,6.38,32,30.24,31.0,155,AMAN,201
121.12,62.92,315,103.32,69.1,345,WASPADA,56
9.35,14.29,71,19.57,17.79,89,AMAN,210
5.89,1.29,6,23.49,3.06,15,AMAN,174
176.68,93.29,466,167.88,91.02,455,SIAGA,23
263.13,112.95,565,211.0,147.1,736,BAHAYA,3
107.41,63.26,316,96.07,33.18,166,WASPADA,76
28.5,9.45,47,34.01,4.48,22,AMAN,187
76.41,68.89,344,61.27,69.55,348,WASPADA,57
41.55,7.34,37,18.58,18.08,90,AMAN,161
51.52,33.14,166,63.3,9.65,48,AMAN,145
70.79,66.52,333,66.36,33.53,168,WASPADA,47
64.98,32.69,163,56.42,18.28,91,AMAN,147
207.86,118.18,591,250.12,154.4,772,BAHAYA,4
226.56,129.83,649,263.94,143.35,717,BAHAYA,1
227.12,114.87,574,235.02,137.78,689,BAHAYA,2
125.22,72.27,361,92.94,73.76,369,WASPADA,40
105.88,77.77,389,94.79,59.82,299,WASPADA,58
181.45,75.44,377,144.5,105.45,527,SIAGA,21
246.94,137.4,687,239.0,137.79,689,BAHAYA,4
245.42,108.0,540,251.31,140.36,702,BAHAYA,2
6.54,17.17,86,45.84,4.76,24,AMAN,175
156.63,84.23,421,156.62,117.85,589,SIAGA,24
112.29,58.96,295,65.88,64.76,324,WASPADA,40
50.13,8.16,41,12.36,14.45,72,AMAN,165
93.5,73.19,366,125.85,69.49,347,WASPADA,66
134.69,57.94,290,124.18,33.12,166,WASPADA,68
243.69,137.38,687,208.93,94.49,472,BAHAYA,2
251.99,158.28,791,254.57,130.15,651,BAHAYA,1
93.1,53.94,270,72.51,36.99,185,WASPADA,81
193.32,93.46,467,196.34,72.48,362,SIAGA,2
69.7,63.02,315,108.44,46.69,233,WASPADA,43
107.06,54.81,274,78.98,76.92,385,WASPADA,55
15.56,14.97,75,60.27,21.2,106,AMAN,202
215.5,102.9,514,215.61,93.99,470,BAHAYA,3
117.37,44.54,223,124.71,34.69,173,WASPADA,49
171.76,77.93,390,199.54,101.77,509,SIAGA,10
18.18,13.91,70,55.53,10.96,55,AMAN,164
57.91,37.76,189,31.71,7.24,36,AMAN,201
195.29,89.38,447,155.76,70.53,353,SIAGA,26
54.31,5.87,29,66.15,23.17,116,AMAN,145
264.03,123.87,619,203.41,98.63,493,BAHAYA,1
151.64,99.89,499,177.16,115.53,578,SIAGA,10
259.22,100.72,504,239.89,140.97,705,BAHAYA,2
26.72,20.81,104,38.87,23.71,119,AMAN,195
111.14,36.85,184,99.77,77.46,387,WASPADA,79
33.38,28.05,140,37.21,8.91,45,AMAN,233
173.22,105.58,528,145.11,97.8,489,SIAGA,19
96.84,54.12,271,83.77,67.92,340,WASPADA,83
69.95,64.15,321,96.07,35.81,179,WASPADA,52
34.54,26.01,130,32.75,5.45,27,AMAN,124
204.32,157.59,788,261.92,113.91,570,BAHAYA,1
268.97,109.98,550,247.65,131.01,655,BAHAYA,0
211.27,90.07,450,216.8,92.75,464,BAHAYA,6
137.45,97.12,486,148.18,72.75,364,SIAGA,10
122.72,51.32,257,73.62,74.2,371,WASPADA,77
131.69,67.72,339,105.05,54.81,274,WASPADA,61
92.74,71.41,357,129.97,64.16,321,WASPADA,69
267.3,150.47,752,260.06,118.47,592,BAHAYA,4
103.57,35.44,177,104.63,52.74,264,WASPADA,96
12.39,30.23,151,64.96,36.64,183,AMAN,202
3.45,23.28,116,33.26,13.04,65,AMAN,199
142.26,89.37,447,201.91,106.66,533,SIAGA,20
73.11,70.51,353,80.6,52.52,263,WASPADA,68
86.62,54.01,270,80.72,78.04,390,WASPADA,40
92.78,68.77,344,63.93,50.41,252,WASPADA,78
226.85,131.75,659,212.95,147.01,735,BAHAYA,2
217.21,109.69,548,219.01,118.78,594,BAHAYA,2
129.31,41.95,210,99.98,64.1,320,WASPADA,74
160.25,99.5,497,131.7,111.41,557,SIAGA,26
261.53,104.81,524,218.84,141.52,708,BAHAYA,0
190.28,93.42,467,129.39,92.46,462,SIAGA,18
160.59,77.72,389,196.5,74.53,373,SIAGA,3
194.77,114.96,575,182.75,107.18,536,SIAGA,19
146.2,93.92,470,162.52,99.25,496,SIAGA,29
184.09,92.3,461,149.28,81.61,408,SIAGA,9
110.5,49.15,246,76.66,71.55,358,WASPADA,70
129.52,57.26,286,67.64,40.82,204,WASPADA,38
20.63,7.87,39,47.21,26.26,131,AMAN,221
69.21,66.97,335,132.21,44.93,225,WASPADA,73
166.26,104.17,521,168.47,103.27,516,SIAGA,30
65.31,7.78,39,43.57,26.53,133,AMAN,119
54.52,6.34,32,45.88,35.53,178,AMAN,197
11.5,0.72,4,18.24,35.66,178,AMAN,124
91.81,59.39,297,118.78,30.26,151,WASPADA,65
156.28,93.36,467,167.08,77.85,389,SIAGA,17
257.15,113.44,567,207.63,111.96,560,BAHAYA,4
156.31,116.92,585,195.36,86.01,430,SIAGA,14
101.11,49.75,249,122.12,38.51,193,WASPADA,68
87.26,77.62,388,109.26,59.58,298,WASPADA,43
184.24,100.45,502,157.34,110.8,554,SIAGA,26
64.39,16.17,81,9.96,3.33,17,AMAN,219
141.09,80.59,403,138.08,76.04,380,SIAGA,25
96.22,69.57,348,107.71,35.8,179,WASPADA,61
148.96,112.91,565,126.74,98.28,491,SIAGA,34
195.27,92.3,461,131.48,74.91,375,SIAGA,2
25.09,28.55,143,63.7,23.35,117,AMAN,124
116.77,54.22,271,97.23,65.75,329,WASPADA,73
163.11,93.28,466,162.7,71.18,356,SIAGA,14
197.32,98.22,491,151.33,80.37,402,SIAGA,25
250.17,115.67,578,217.57,117.36,587,BAHAYA,4
153.88,88.81,444,140.57,81.83,409,SIAGA,15
123.8,35.53,178,127.96,63.03,315,WASPADA,51
124.68,38.9,194,106.02,53.89,269,WASPADA,35
66.41,36.77,184,15.52,25.34,127,AMAN,158
26.86,36.94,185,30.95,5.98,30,AMAN,185
86.48,76.54,383,125.78,37.29,186,WASPADA,55
87.97,69.4,347,67.9,61.56,308,WASPADA,49
191.27,75.84,379,138.07,108.18,541,SIAGA,20
226.62,99.09,495,211.45,137.33,687,BAHAYA,5
26.57,33.63,168,41.68,37.03,185,AMAN,127
220.31,136.85,684,261.09,121.37,607,BAHAYA,4
37.9,34.27,171,17.89,31.1,155,AMAN,181
77.53,48.34,242,69.1,34.95,175,WASPADA,82
224.15,135.89,679,211.39,92.79,464,BAHAYA,4
55.06,3.17,16,47.32,3.31,17,AMAN,228
118.12,63.89,319,120.88,36.28,181,WASPADA,63
30.3,17.65,88,15.05,5.49,27,AMAN,135
68.63,66.96,335,78.5,78.6,393,WASPADA,56
108.72,41.01,205,82.15,61.93,310,WASPADA,79
104.42,55.17,276,66.13,53.75,269,WASPADA,49
39.55,24.34,122,17.96,15.97,80,AMAN,169
112.04,73.73,369,95.42,40.57,203,WASPADA,70
155.24,85.48,427,140.98,114.51,573,SIAGA,24
12.78,18.41,92,2.45,22.03,110,AMAN,132
94.66,78.7,394,128.96,32.2,161,WASPADA,59
4.38,21.04,105,21.12,30.84,154,AMAN,161
46.29,36.53,183,25.91,5.36,27,AMAN,145
208.86,118.95,595,228.28,92.79,464,BAHAYA,0
18.31,5.89,29,63.71,16.86,84,AMAN,217
119.05,54.38,272,122.52,44.81,224,WASPADA,45
208.53,120.77,604,213.35,125.73,629,BAHAYA,1
19.25,9.11,46,19.85,1.64,8,AMAN,122
172.61,75.18,376,130.91,102.85,514,SIAGA,14
53.59,25.46,127,11.96,9.29,46,AMAN,125
11.83,7.27,36,14.77,30.4,152,AMAN,163
2.3,10.09,50,60.92,25.84,129,AMAN,155
175.88,111.46,557,160.49,110.65,553,SIAGA,29
104.77,48.5,242,81.57,47.29,236,WASPADA,78
39.09,14.62,73,64.47,11.14,56,AMAN,207
233.01,158.89,794,230.17,110.46,552,BAHAYA,2
231.75,97.43,487,208.02,148.62,743,BAHAYA,0
25.45,20.24,101,57.84,18.69,93,AMAN,106
63.55,5.46,27,51.16,33.87,169,AMAN,153
229.93,121.52,608,248.14,142.43,712,BAHAYA,1
21.91,31.51,158,44.73,29.73,149,AMAN,206
44.0,30.17,151,21.79,5.1,26,AMAN,212
212.79,106.45,532,258.14,135.66,678,BAHAYA,1
182.56,94.47,472,157.93,101.82,509,SIAGA,22
33.39,35.68,178,28.07,14.13,71,AMAN,174
255.44,138.43,692,265.81,100.91,505,BAHAYA,1
267.03,114.66,573,266.89,93.02,465,BAHAYA,1
34.0,11.19,56,0.43,24.06,120,AMAN,232
6.51,38.61,193,41.21,5.46,27,AMAN,177
163.33,98.81,494,198.76,99.65,498,SIAGA,14
62.27,22.29,111,37.3,10.92,55,AMAN,188
140.37,111.38,557,126.47,95.71,479,SIAGA,22
25.1,19.62,98,41.93,33.4,167,AMAN,184
72.42,39.88,199,86.16,69.6,348,WASPADA,79
133.74,72.57,363,119.49,41.86,209,WASPADA,73
265.23,98.34,492,231.85,125.87,629,BAHAYA,1
259.49,135.55,678,246.16,150.68,753,BAHAYA,3
9.71,38.44,192,32.79,9.44,47,AMAN,185
115.87,39.51,198,116.93,55.18,276,WASPADA,67
180.01,114.51,573,149.87,113.52,568,SIAGA,11
174.2,81.88,409,173.69,93.22,466,SIAGA,23
146.35,76.84,384,188.7,90.54,453,SIAGA,9
165.21,111.1,556,128.72,110.49,552,SIAGA,24
212.09,157.5,788,268.49,101.46,507,BAHAYA,1
133.94,62.93,315,110.09,38.13,191,WASPADA,66
16.77,27.87,139,36.8,25.75,129,AMAN,145
193.84,92.28,461,132.9,97.12,486,SIAGA,15
171.15,101.65,508,133.89,75.74,379,SIAGA,15
232.33,143.35,717,223.79,155.53,778,BAHAYA,5
248.82,138.3,692,204.7,112.13,561,BAHAYA,1
94.6,61.43,307,93.54,55.27,276,WASPADA,86
267.74,150.55,753,267.99,132.06,660,BAHAYA,3
150.83,93.03,465,155.75,117.93,590,SIAGA,6
178.78,110.8,554,129.73,116.08,580,SIAGA,30
228.94,111.31,557,221.95,158.81,794,BAHAYA,4
163.67,109.88,549,126.4,73.38,367,SIAGA,26
68.81,50.71,254,60.68,75.38,377,WASPADA,65
53.85,34.81,174,12.5,21.03,105,AMAN,193
167.93,90.74,454,157.22,99.1,495,SIAGA,13
133.04,52.76,264,68.5,66.16,331,WASPADA,65
173.9,109.19,546,176.38,112.25,561,SIAGA,17
98.69,48.33,242,89.85,33.22,166,WASPADA,59
94.6,62.15,311,66.53,35.58,178,WASPADA,59
57.94,38.99,195,54.46,38.87,194,AMAN,163
11.89,31.47,157,50.29,38.63,193,AMAN,156
170.98,100.17,501,137.43,109.47,547,SIAGA,21
110.94,62.26,311,76.2,61.86,309,WASPADA,45
102.73,67.45,337,71.26,55.1,275,WASPADA,72
127.8,61.71,309,93.25,60.93,305,WASPADA,57
68.83,48.26,241,95.16,59.32,297,WASPADA,63
127.9,74.27,371,130.98,50.55,253,WASPADA,65
95.88,35.84,179,96.1,42.73,214,WASPADA,82
57.83,12.91,65,41.76,2.48,12,AMAN,152
56.99,27.63,138,58.11,32.64,163,AMAN,186
102.0,56.72,284,125.57,64.41,322,WASPADA,76
254.98,143.74,719,257.13,97.98,490,BAHAYA,4
141.07,99.23,496,152.31,89.76,449,SIAGA,29
31.8,31.42,157,56.56,22.83,114,AMAN,207
198.8,99.98,500,138.51,98.39,492,SIAGA,8
266.6,101.82,509,223.44,122.25,611,BAHAYA,1
138.97,90.02,450,181.53,93.45,467,SIAGA,27
177.22,100.83,504,191.56,98.47,492,SIAGA,35
186.78,111.41,557,155.64,78.36,392,SIAGA,2
138.66,92.5,462,170.3,117.72,589,SIAGA,21
15.0,23.12,116,35.98,22.62,113,AMAN,124
161.08,92.1,461,171.75,81.77,409,SIAGA,3
151.43,111.08,555,174.11,72.04,360,SIAGA,27
139.27,79.91,400,180.79,99.81,499,SIAGA,9
236.9,150.08,750,255.11,149.14,746,BAHAYA,1
126.29,69.78,349,69.8,36.12,181,WASPADA,78
8.08,27.16,136,5.16,13.26,66,AMAN,215
23.68,30.44,152,15.87,10.72,54,AMAN,224
154.17,86.95,435,179.63,114.31,572,SIAGA,9
234.31,135.47,677,210.15,150.76,754,BAHAYA,5
174.18,105.83,529,178.39,106.92,535,SIAGA,25
77.52,53.57,268,60.88,44.46,222,WASPADA,67
123.11,59.31,297,120.3,55.49,277,WASPADA,42
14.98,0.47,2,64.54,37.83,189,AMAN,108
62.28,37.64,188,55.65,4.85,24,AMAN,175
162.56,114.4,572,193.11,114.55,573,SIAGA,4
257.79,125.13,626,268.59,121.85,609,BAHAYA,3
97.75,56.51,283,106.97,49.69,248,WASPADA,87
23.86,23.63,118,66.1,9.25,46,AMAN,115
62.87,2.59,13,12.14,28.9,145,AMAN,166
127.76,75.04,375,92.54,48.49,242,WASPADA,71
159.13,78.02,390,153.69,88.11,441,SIAGA,14
81.71,43.19,216,104.33,46.25,231,WASPADA,65
99.92,63.18,316,76.95,77.97,390,WASPADA,70
42.44,2.96,15,16.09,5.03,25,AMAN,127
259.48,139.6,698,232.87,141.23,706,BAHAYA,2
29.31,13.58,68,60.58,20.05,100,AMAN,201
80.34,63.79,319,127.05,37.45,187,WASPADA,53
242.76,98.14,491,217.08,157.91,790,BAHAYA,1
252.41,94.71,474,219.94,108.76,544,BAHAYA,4
245.21,100.1,501,230.96,96.55,483,BAHAYA,0
184.77,103.98,520,127.5,96.08,480,SIAGA,3
153.23,111.72,559,151.44,115.84,579,SIAGA,5
189.35,91.92,460,188.42,92.5,462,SIAGA,4
12.88,6.59,33,2.74,10.87,54,AMAN,141
48.84,2.89,14,51.68,13.98,70,AMAN,130
119.04,57.5,287,88.99,54.12,271,WASPADA,71
169.47,78.39,392,139.47,104.11,521,SIAGA,13
54.28,35.62,178,58.09,19.94,100,AMAN,156
58.78,27.18,136,49.63,27.4,137,AMAN,151
90.12,57.85,289,116.76,40.04,200,WASPADA,75
26.93,24.47,122,32.15,34.07,170,AMAN,223
109.32,67.47,337,115.72,55.55,278,WASPADA,44
232.9,138.5,693,251.71,159.12,796,BAHAYA,2
139.67,84.35,422,125.53,102.51,513,SIAGA,20
264.31,141.96,710,259.54,101.75,509,BAHAYA,1
35.69,10.5,53,16.25,14.71,74,AMAN,115
92.64,39.91,200,64.36,55.28,276,WASPADA,50
43.9,3.39,17,36.91,15.93,80,AMAN,162
133.74,69.87,349,74.26,74.49,372,WASPADA,72
89.19,50.85,254,67.64,43.25,216,WASPADA,91
211.96,95.09,475,266.87,103.94,520,BAHAYA,3
258.9,135.25,676,241.68,122.09,610,BAHAYA,3
146.69,118.9,595,175.67,92.14,461,SIAGA,7
8.68,37.27,186,59.55,33.62,168,AMAN,193
125.86,51.51,258,104.15,44.0,220,WASPADA,51
219.91,108.6,543,264.32,152.71,764,BAHAYA,0
253.21,104.28,521,239.56,110.43,552,BAHAYA,4
213.53,126.29,631,267.48,95.1,476,BAHAYA,4
146.74,84.19,421,181.55,72.87,364,SIAGA,23
77.42,36.21,181,96.42,54.77,274,WASPADA,86
246.23,157.23,786,204.14,93.12,466,BAHAYA,1
237.02,158.79,794,212.27,107.5,537,BAHAYA,1
112.86,64.12,321,134.56,57.33,287,WASPADA,59
138.06,76.48,382,144.99,113.08,565,SIAGA,9
128.71,78.27,391,80.77,36.89,184,WASPADA,43
7.23,24.82,124,2.11,12.26,61,AMAN,187
75.64,44.91,225,71.34,42.3,211,WASPADA,96
228.11,140.31,702,244.63,97.74,489,BAHAYA,0
28.87,24.07,120,16.66,27.56,138,AMAN,141
33.22,8.59,43,5.43,26.65,133,AMAN,120
239.19,94.4,472,206.37,103.11,516,BAHAYA,1
64.48,19.39,97,16.87,11.73,59,AMAN,139
127.78,38.47,192,73.9,41.74,209,WASPADA,75
156.78,82.78,414,132.44,118.38,592,SIAGA,21
267.79,150.44,752,241.27,99.76,499,BAHAYA,3
73.32,43.25,216,114.86,72.05,360,WASPADA,82
102.7,51.36,257,86.11,30.07,150,WASPADA,54
175.55,106.03,530,138.81,92.3,462,SIAGA,14
232.11,102.65,513,261.26,156.34,782,BAHAYA,1
47.07,0.38,2,37.5,12.73,64,AMAN,174
179.67,82.17,411,171.39,81.46,407,SIAGA,4
23.16,18.48,92,60.08,26.03,130,AMAN,128
195.23,117.83,589,172.94,92.79,464,SIAGA,19
9.58,24.11,121,51.02,3.94,20,AMAN,118
145.66,98.77,494,189.14,111.39,557,SIAGA,16
98.92,64.01,320,107.79,73.86,369,WASPADA,64
234.6,101.63,508,218.24,113.29,566,BAHAYA,3
84.52,67.89,339,96.31,53.22,266,WASPADA,49
23.83,11.59,58,48.18,22.09,110,AMAN,161
66.53,21.6,108,4.94,37.8,189,AMAN,161
145.12,97.0,485,191.15,103.07,515,SIAGA,13
84.57,64.33,322,108.05,37.97,190,WASPADA,66
6.87,26.83,134,62.79,2.65,13,AMAN,137
96.98,57.27,286,83.39,51.54,258,WASPADA,49
26.54,15.15,76,46.6,17.5,87,AMAN,134
85.92,77.46,387,61.13,42.29,211,WASPADA,80
25.26,11.75,59,31.0,29.16,146,AMAN,181
238.71,128.01,640,245.31,99.06,495,BAHAYA,2
151.94,79.64,398,152.28,80.9,404,SIAGA,13
253.68,105.81,529,234.77,133.16,666,BAHAYA,0
154.31,117.39,587,146.68,70.5,353,SIAGA,25
33.89,0.71,4,40.97,34.01,170,AMAN,225
44.57,13.99,70,35.05,34.21,171,AMAN,153
83.74,70.95,355,112.87,56.78,284,WASPADA,82
139.6,114.71,574,171.16,88.78,444,SIAGA,17
39.25,22.44,112,63.0,15.14,76,AMAN,177
261.09,157.67,788,219.35,157.07,785,BAHAYA,0
246.99,101.81,509,263.77,157.78,789,BAHAYA,2
94.44,53.08,265,91.64,74.47,372,WASPADA,70
110.95,40.83,204,121.69,72.24,361,WASPADA,87
19.2,1.19,6,39.59,1.46,7,AMAN,213
105.55,54.67,273,68.32,52.56,263,WASPADA,84
15.41,1.21,6,14.28,25.42,127,AMAN,165
256.43,96.03,480,251.25,122.47,612,BAHAYA,1
224.86,117.56,588,253.66,132.57,663,BAHAYA,1
185.58,112.23,561,194.07,78.96,395,SIAGA,15
92.13,76.23,381,66.57,57.14,286,WASPADA,52
85.39,61.12,306,92.77,33.58,168,WASPADA,74
184.19,103.2,516,153.09,92.84,464,SIAGA,15
98.06,73.99,370,114.16,59.06,295,WASPADA,64
89.06,71.15,356,95.34,52.5,263,WASPADA,60
210.09,147.02,735,236.91,155.53,778,BAHAYA,3
37.13,32.36,162,43.65,8.05,40,AMAN,115
46.49,9.82,49,36.36,13.48,67,AMAN,136
224.97,143.19,716,227.93,113.72,569,BAHAYA,5
1.7,32.6,163,64.5,27.14,136,AMAN,146
75.54,58.79,294,112.78,34.73,174,WASPADA,50
257.67,96.19,481,228.35,113.96,570,BAHAYA,4
19.64,0.51,3,60.05,3.33,17,AMAN,128
81.08,49.77,249,85.9,77.95,390,WASPADA,87
102.2,75.76,379,106.99,30.94,155,WASPADA,65
158.82,110.44,552,176.67,116.39,582,SIAGA,9
70.25,74.88,374,64.7,36.82,184,WASPADA,63
7.37,16.66,83,15.27,31.9,160,AMAN,227
247.11,109.37,547,232.33,129.07,645,BAHAYA,1
225.9,149.39,747,232.06,115.43,577,BAHAYA,4
225.41,103.83,519,237.79,146.36,732,BAHAYA,1
115.37,38.21,191,63.77,49.74,249,WASPADA,55
148.39,105.75,529,131.81,88.05,440,SIAGA,20
194.49,115.32,577,196.94,101.14,506,SIAGA,23
63.01,35.68,178,63.91,14.44,72,AMAN,105
50.8,6.0,30,46.63,31.82,159,AMAN,128
17.19,18.86,94,64.52,31.43,157,AMAN,158
232.87,151.97,760,257.72,96.07,480,BAHAYA,2
201.71,110.75,554,169.87,86.02,430,SIAGA,10
237.36,131.72,659,224.5,159.7,799,BAHAYA,2
243.96,144.05,720,227.86,101.93,510,BAHAYA,1
44.47,28.57,143,62.77,8.38,42,AMAN,112
87.87,69.08,345,86.23,62.41,312,WASPADA,59
158.7,103.98,520,181.44,115.65,578,SIAGA,31
201.3,91.34,457,193.49,79.56,398,SIAGA,15
147.14,106.57,533,129.13,93.3,466,SIAGA,25
10.8,31.52,158,62.29,24.7,124,AMAN,195
61.81,5.95,30,47.38,22.48,112,AMAN,176
130.77,53.43,267,63.92,42.75,214,WASPADA,63
91.78,57.84,289,65.21,33.31,167,WASPADA,78
141.93,90.0,450,171.27,114.95,575,SIAGA,13
255.86,134.74,674,218.66,106.5,532,BAHAYA,4
65.22,29.24,146,64.91,5.07,25,AMAN,184
53.28,6.38,32,13.51,6.41,32,AMAN,207
189.77,91.43,457,172.11,82.51,413,SIAGA,1
147.39,88.04,440,168.73,115.98,580,SIAGA,22
57.03,18.74,94,33.17,23.1,116,AMAN,206
81.67,67.26,336,101.63,60.18,301,WASPADA,49
256.76,121.09,605,225.86,137.29,686,BAHAYA,2
193.18,105.45,527,129.59,76.86,384,SIAGA,1
164.36,115.17,576,182.74,98.03,490,SIAGA,10
174.08,110.33,552,151.6,96.47,482,SIAGA,7
223.1,109.93,550,213.13,116.32,582,BAHAYA,5
149.61,114.41,572,155.17,80.01,400,SIAGA,13
252.8,99.52,498,251.46,148.53,743,BAHAYA,0
6.3,1.4,7,38.74,18.16,91,AMAN,171
213.5,131.56,658,248.79,142.84,714,BAHAYA,2
54.88,27.09,135,53.56,10.61,53,AMAN,171
221.69,159.92,800,230.13,93.85,469,BAHAYA,3
58.9,18.23,91,63.3,23.92,120,AMAN,121
60.81,16.0,80,16.7,29.47,147,AMAN,130
146.65,75.84,379,131.43,78.12,391,SIAGA,40
3.46,21.08,105,35.6,24.86,124,AMAN,199
239.46,114.96,575,239.96,121.31,607,BAHAYA,5
216.69,115.11,576,245.0,159.7,798,BAHAYA,5
147.33,93.13,466,163.51,112.66,563,SIAGA,25
223.7,143.88,719,227.7,146.77,734,BAHAYA,2
113.92,37.49,187,84.93,48.32,242,WASPADA,90
97.32,72.0,360,79.1,31.88,159,WASPADA,76
184.51,96.48,482,171.98,76.53,383,SIAGA,19
264.31,142.63,713,213.48,129.78,649,BAHAYA,3
62.57,19.78,99,21.18,1.62,8,AMAN,119
6.05,12.51,63,55.97,7.27,36,AMAN,125
265.75,145.39,727,258.31,104.06,520,BAHAYA,4
113.17,50.19,251,79.49,74.96,375,WASPADA,59
213.7,133.14,666,255.94,93.14,466,BAHAYA,3
133.09,56.21,281,84.85,39.61,198,WASPADA,58
29.73,6.91,35,58.17,27.01,135,AMAN,195
48.4,0.95,5,18.81,25.17,126,AMAN,131
211.52,101.26,506,231.65,139.02,695,BAHAYA,5
110.62,61.95,310,128.5,72.81,364,WASPADA,65
114.54,72.91,365,114.67,43.43,217,WASPADA,72
229.41,124.51,623,259.83,123.03,615,BAHAYA,3
237.1,109.51,548,233.34,157.12,786,BAHAYA,0
152.23,118.54,593,152.58,103.53,518,SIAGA,26
239.83,151.44,757,230.95,104.28,521,BAHAYA,4
28.12,15.51,78,42.78,10.69,53,AMAN,233
263.94,146.75,734,203.41,156.39,782,BAHAYA,0
226.32,157.66,788,263.0,121.04,605,BAHAYA,4
146.59,83.17,416,130.43,102.55,513,SIAGA,26
256.19,113.38,567,235.59,97.48,487,BAHAYA,2
248.33,155.67,778,227.35,109.29,546,BAHAYA,3
159.18,96.39,482,132.22,115.12,576,SIAGA,1
259.73,118.25,591,258.74,113.33,567,BAHAYA,1
63.27,33.62,168,31.77,32.94,165,AMAN,131
264.29,100.1,500,217.18,143.13,716,BAHAYA,1
11.14,3.23,16,49.45,23.52,118,AMAN,131
259.79,120.12,601,215.18,101.58,508,BAHAYA,3
211.26,114.55,573,229.87,144.1,720,BAHAYA,3
206.67,119.31,597,216.68,105.37,527,BAHAYA,1
9.01,38.61,193,4.25,12.57,63,AMAN,216
66.1,0.19,1,64.66,37.12,186,AMAN,168
190.68,95.98,480,131.17,100.87,504,SIAGA,18
8.55,14.16,71,19.01,25.19,126,AMAN,197
101.53,55.14,276,92.45,40.24,201,WASPADA,60
112.65,68.49,342,132.45,76.59,383,WASPADA,59
227.73,114.09,570,226.93,126.44,632,BAHAYA,2
147.45,110.26,551,154.24,89.21,446,SIAGA,25
227.29,104.29,521,258.21,122.83,614,BAHAYA,4
143.13,100.76,504,161.84,96.53,483,SIAGA,13
62.97,13.06,65,42.06,5.43,27,AMAN,198
50.78,4.53,23,0.96,1.79,9,AMAN,113
61.27,14.94,75,28.06,20.24,101,AMAN,116
77.57,68.83,344,116.51,62.27,311,WASPADA,74
265.08,119.32,597,250.6,126.21,631,BAHAYA,0
58.35,31.27,156,47.84,13.24,66,AMAN,196
145.46,87.91,440,180.03,95.75,479,SIAGA,21
223.43,99.03,495,215.91,110.85,554,BAHAYA,4
260.45,139.45,697,209.52,114.19,571,BAHAYA,0
40.06,3.45,17,61.77,7.64,38,AMAN,111
247.67,132.17,661,244.77,124.29,621,BAHAYA,3
59.77,31.0,155,42.29,19.6,98,AMAN,161
120.77,59.82,299,78.83,47.57,238,WASPADA,64
154.21,84.96,425,184.18,103.93,520,SIAGA,18
134.41,39.58,198,69.63,65.49,327,WASPADA,65
77.98,73.57,368,82.92,78.82,394,WASPADA,55
142.96,104.52,523,189.59,104.15,521,SIAGA,13
157.66,108.55,543,159.96,76.17,381,SIAGA,15
152.58,96.3,481,190.0,95.19,476,SIAGA,10
197.68,109.4,547,148.36,107.53,538,SIAGA,17
268.83,120.74,604,264.09,92.8,464,BAHAYA,1
76.56,69.41,347,121.96,64.73,324,WASPADA,35
149.8,95.53,478,131.52,93.62,468,SIAGA,25
116.64,44.39,222,121.33,54.79,274,WASPADA,75
118.16,35.01,175,83.82,55.05,275,WASPADA,48
9.17,34.08,170,60.3,23.3,116,AMAN,164
252.84,119.66,598,264.59,113.95,570,BAHAYA,4
138.29,105.68,528,155.18,79.48,397,SIAGA,24
204.65,140.77,704,249.68,148.55,743,BAHAYA,5
169.02,105.67,528,178.2,101.78,509,SIAGA,12
244.95,97.87,489,208.04,93.45,467,BAHAYA,1
115.34,48.77,244,105.75,43.28,216,WASPADA,67
17.28,32.56,163,9.34,38.39,192,AMAN,183
59.93,16.58,83,53.59,0.88,4,AMAN,150
184.48,100.73,504,126.84,116.13,581,SIAGA,3
207.74,127.44,637,227.22,159.74,799,BAHAYA,1
181.56,105.03,525,197.77,86.25,431,SIAGA,16
180.64,116.62,583,177.33,84.5,422,SIAGA,5
126.37,69.69,348,117.45,62.58,313,WASPADA,50
124.84,48.33,242,91.7,45.94,230,WASPADA,75
75.69,66.8,334,124.51,33.32,167,WASPADA,80
42.33,24.73,124,17.41,21.06,105,AMAN,203
10.04,28.17,141,15.36,28.08,140,AMAN,196
223.32,156.13,781,267.76,113.44,567,BAHAYA,3
150.95,86.13,431,172.28,98.3,492,SIAGA,15
59.81,13.33,67,54.77,10.12,51,AMAN,161
233.79,95.05,475,236.43,137.91,690,BAHAYA,2
56.6,24.42,122,50.99,5.12,26,AMAN,116
167.51,90.95,455,152.01,109.48,547,SIAGA,14
82.42,45.61,228,60.91,77.82,389,WASPADA,74
84.13,43.69,218,69.11,73.46,367,WASPADA,74
114.08,65.47,327,114.2,36.59,183,WASPADA,59
22.92,4.31,22,55.02,33.01,165,AMAN,128
50.43,34.35,172,10.63,34.0,170,AMAN,119
52.25,18.74,94,2.65,4.09,20,AMAN,151
99.49,66.14,331,126.76,33.05,165,WASPADA,39
2.91,37.1,186,42.42,23.46,117,AMAN,200
72.2,35.17,176,122.95,42.09,210,WASPADA,68
257.68,145.75,729,231.95,131.68,658,BAHAYA,6
228.25,153.37,767,261.69,124.51,623,BAHAYA,0
260.01,134.83,674,222.17,111.99,560,BAHAYA,5
206.92,123.2,616,223.1,101.76,509,BAHAYA,3
228.8,132.73,664,266.18,148.45,742,BAHAYA,3
26.73,13.07,65,3.67,31.31,157,AMAN,120
139.39,94.45,472,162.93,86.39,432,SIAGA,11
113.35,47.96,240,122.14,30.7,154,WASPADA,75
265.05,157.61,788,213.83,104.41,522,BAHAYA,5
263.92,152.17,761,257.91,103.95,520,BAHAYA,1
153.76,109.47,547,140.29,114.55,573,SIAGA,7
223.21,111.26,556,215.62,96.51,483,BAHAYA,1
39.73,15.25,76,10.96,37.81,189,AMAN,141
195.12,85.12,426,147.89,90.15,451,SIAGA,8
209.54,154.66,773,214.18,147.5,738,BAHAYA,2
247.43,119.06,595,242.89,119.55,598,BAHAYA,4
244.35,140.93,705,267.98,154.58,773,BAHAYA,3
255.31,116.8,584,263.98,134.14,671,BAHAYA,2
173.82,76.73,384,150.04,83.33,417,SIAGA,13
249.04,94.26,471,223.96,139.11,696,BAHAYA,0
260.72,90.69,453,261.02,144.46,722,BAHAYA,2
108.4,78.3,391,122.0,44.13,221,WASPADA,67
228.28,107.04,535,220.3,122.04,610,BAHAYA,4
176.3,104.64,523,137.35,78.78,394,SIAGA,28
95.0,65.58,328,73.01,46.96,235,WASPADA,85
264.95,123.99,620,206.77,153.9,769,BAHAYA,2
79.11,44.2,221,93.42,32.45,162,WASPADA,85
113.08,76.87,384,66.09,71.09,355,WASPADA,65
17.06,29.65,148,45.66,23.23,116,AMAN,155
167.76,116.82,584,187.34,71.08,355,SIAGA,26
26.39,4.16,21,43.63,25.66,128,AMAN,230
259.39,149.07,745,205.03,122.22,611,BAHAYA,2
158.94,77.32,387,128.88,103.91,520,SIAGA,18
176.73,83.63,418,190.45,76.15,381,SIAGA,17
112.79,50.92,255,110.9,59.09,295,WASPADA,41
256.72,115.32,577,234.25,97.59,488,BAHAYA,5
240.37,158.03,790,206.66,125.88,629,BAHAYA,3
52.42,28.8,144,37.99,34.26,171,AMAN,150
240.12,103.68,518,238.82,101.64,508,BAHAYA,5
182.31,90.78,454,167.85,114.66,573,SIAGA,3
77.07,63.91,320,116.35,76.87,384,WASPADA,36
194.73,87.94,440,201.38,80.31,402,SIAGA,23
91.97,40.41,202,108.59,73.54,368,WASPADA,72
239.89,97.13,486,215.9,153.78,769,BAHAYA,4
187.64,85.59,428,201.42,112.84,564,SIAGA,12
108.13,39.13,196,68.62,74.57,373,WASPADA,71
99.17,59.74,299,64.51,76.92,385,WASPADA,44
161.3,111.8,559,137.96,96.9,484,SIAGA,10
143.95,82.97,415,197.27,100.51,503,SIAGA,14
173.88,76.26,381,155.25,98.58,493,SIAGA,2
98.78,74.25,371,118.88,76.81,384,WASPADA,75
106.67,40.41,202,63.28,57.37,287,WASPADA,62
93.74,36.36,182,62.92,49.01,245,WASPADA,44
13.79,10.52,53,7.5,2.23,11,AMAN,191
254.71,152.83,764,235.42,153.54,768,BAHAYA,1
216.06,143.81,719,236.83,94.34,472,BAHAYA,4
120.68,51.91,260,115.08,31.23,156,WASPADA,76
82.25,48.37,242,62.49,62.0,310,WASPADA,90
171.35,90.57,453,152.48,110.6,553,SIAGA,14
153.7,92.97,465,152.8,103.31,517,SIAGA,6
238.31,101.96,510,240.63,103.84,519,BAHAYA,3
245.19,101.66,508,230.88,159.03,795,BAHAYA,4
255.36,148.41,742,250.12,93.93,470,BAHAYA,5
151.27,107.19,536,163.69,116.95,585,SIAGA,15
220.26,138.5,693,233.15,141.32,707,BAHAYA,5
260.48,120.48,602,247.68,156.72,784,BAHAYA,2
155.1,102.25,511,161.01,90.15,451,SIAGA,17
209.48,109.73,549,251.27,102.9,515,BAHAYA,0
194.14,104.0,520,192.98,80.35,402,SIAGA,21
265.46,147.59,738,247.62,90.93,455,BAHAYA,2
150.55,113.46,567,141.8,82.23,411,SIAGA,7
263.16,139.51,698,238.18,107.65,538,BAHAYA,0
45.0,13.97,70,41.41,4.43,22,AMAN,195
32.55,11.11,56,17.2,11.98,60,AMAN,205
150.97,78.52,393,176.32,91.65,458,SIAGA,6
36.31,28.56,143,58.49,31.46,157,AMAN,176
160.78,94.07,470,186.89,118.86,594,SIAGA,10
24.64,9.52,48,17.77,37.95,190,AMAN,162
195.46,111.32,557,201.7,111.4,557,SIAGA,5
66.18,14.99,75,28.66,26.51,133,AMAN,128
157.91,75.6,378,160.83,74.0,370,SIAGA,13
268.37,147.53,738,207.37,135.24,676,BAHAYA,4
218.23,138.65,693,239.43,126.06,630,BAHAYA,5
243.6,91.9,459,231.7,144.85,724,BAHAYA,0
209.64,121.28,606,244.74,144.46,722,BAHAYA,1
144.63,107.09,535,176.72,98.18,491,SIAGA,11
24.41,26.93,135,33.73,1.53,8,AMAN,207
144.56,90.63,453,144.75,103.03,515,SIAGA,3
54.47,37.27,186,48.11,0.71,4,AMAN,126
192.66,106.02,530,135.14,106.36,532,SIAGA,20
148.23,84.62,423,146.46,78.96,395,SIAGA,30
183.66,92.84,464,128.1,95.3,476,SIAGA,18
78.16,58.72,294,125.69,43.84,219,WASPADA,60
188.99,98.58,493,198.99,93.94,470,SIAGA,15
210.54,109.26,546,252.31,134.74,674,BAHAYA,2
42.64,1.23,6,47.33,36.51,183,AMAN,124
99.86,45.02,225,100.73,77.24,386,WASPADA,81
235.33,157.71,789,217.47,140.06,700,BAHAYA,4
119.22,77.07,385,103.01,39.82,199,WASPADA,41
210.16,94.22,471,266.88,110.84,554,BAHAYA,1
254.05,120.3,601,262.85,127.49,637,BAHAYA,3
60.91,9.26,46,12.04,37.88,189,AMAN,120
13.38,23.1,116,34.45,1.81,9,AMAN,184
263.93,147.49,737,215.74,128.12,641,BAHAYA,0
180.38,104.62,523,188.61,110.39,552,SIAGA,14
206.79,130.65,653,211.07,155.01,775,BAHAYA,2
197.55,116.08,580,134.14,103.51,518,SIAGA,13
189.38,88.31,442,192.41,112.08,560,SIAGA,18
185.94,106.13,531,159.06,89.07,445,SIAGA,13
176.62,78.86,394,131.28,78.42,392,SIAGA,27
174.39,89.88,449,155.91,76.21,381,SIAGA,11
41.42,18.04,90,24.72,29.15,146,AMAN,121
265.32,108.12,541,238.35,93.7,468,BAHAYA,3
188.71,75.89,379,196.82,77.54,388,SIAGA,30
172.48,104.11,521,153.66,76.92,385,SIAGA,21
72.85,57.99,290,131.63,44.68,223,WASPADA,49
197.19,108.64,543,133.12,90.07,450,SIAGA,13
34.99,8.42,42,51.59,24.29,121,AMAN,118
10.83,23.65,118,60.2,0.36,2,AMAN,120
218.91,135.0,675,223.09,132.07,660,BAHAYA,3
263.97,130.74,654,251.06,145.85,729,BAHAYA,2
18.02,12.1,61,53.44,17.75,89,AMAN,112
33.65,2.62,13,39.89,29.25,146,AMAN,136
1.11,8.83,44,34.31,25.16,126,AMAN,140
236.78,108.07,540,224.63,122.48,612,BAHAYA,0
63.29,19.39,97,45.78,24.1,120,AMAN,198
107.37,64.92,325,112.59,50.0,250,WASPADA,43
223.79,145.75,729,236.72,141.76,709,BAHAYA,3
88.52,54.64,273,119.17,69.12,346,WASPADA,63
79.67,64.05,320,67.38,67.45,337,WASPADA,61
73.98,56.73,284,111.53,48.99,245,WASPADA,72
181.49,88.54,443,144.43,100.07,500,SIAGA,26
106.15,43.86,219,106.55,49.36,247,WASPADA,50
182.61,118.56,593,172.95,85.28,426,SIAGA,10
92.86,60.72,304,129.06,56.38,282,WASPADA,54
43.15,0.99,5,27.39,6.09,30,AMAN,201
24.93,13.29,66,52.02,36.3,181,AMAN,208
105.66,56.84,284,131.03,48.65,243,WASPADA,50
172.71,75.71,379,185.02,110.1,551,SIAGA,8
28.42,36.44,182,49.34,36.1,180,AMAN,170
236.03,103.72,519,208.49,156.06,780,BAHAYA,6
191.18,112.11,561,188.25,93.77,469,SIAGA,9
249.35,92.69,463,247.31,115.78,579,BAHAYA,5
211.88,128.24,641,239.64,96.26,481,BAHAYA,3
21.44,15.18,76,60.0,0.42,2,AMAN,208
235.5,158.07,790,208.72,126.26,631,BAHAYA,3
50.97,30.07,150,37.61,19.26,96,AMAN,165
7.14,28.4,142,5.03,19.32,97,AMAN,201
57.03,6.61,33,21.23,21.72,109,AMAN,215
74.21,75.24,376,116.13,51.27,256,WASPADA,58
107.01,61.45,307,87.84,64.57,323,WASPADA,68
36.26,13.33,67,64.52,24.67,123,AMAN,204
257.86,147.93,740,225.6,90.04,450,BAHAYA,1
61.13,24.3,121,14.11,24.63,123,AMAN,188
252.69,149.15,746,256.94,117.65,588,BAHAYA,1
63.98,21.62,108,49.44,23.86,119,AMAN,148
234.79,130.55,653,225.36,152.23,761,BAHAYA,3
127.12,57.23,286,120.27,77.39,387,WASPADA,54
180.82,86.9,435,173.62,82.19,411,SIAGA,32
169.9,75.28,376,147.19,94.32,472,SIAGA,4
153.74,85.86,429,140.3,85.01,425,SIAGA,13
98.86,67.05,335,123.15,68.05,340,WASPADA,61
173.36,99.55,498,192.61,117.03,585,SIAGA,1
104.63,52.2,261,77.4,59.13,296,WASPADA,73
150.12,92.61,463,146.81,109.78,549,SIAGA,12
71.66,44.95,225,132.98,44.91,225,WASPADA,40
106.87,68.39,342,98.75,43.84,219,WASPADA,66
255.31,130.5,652,229.15,153.79,769,BAHAYA,2
220.58,92.79,464,231.25,121.44,607,BAHAYA,3
261.15,140.26,701,242.07,116.04,580,BAHAYA,0
119.24,57.11,286,73.11,49.53,248,WASPADA,46
32.16,11.37,57,40.2,27.1,136,AMAN,207
2.27,11.6,58,46.73,36.05,180,AMAN,216
139.43,93.63,468,127.44,74.14,371,SIAGA,28
139.25,114.48,572,142.79,82.55,413,SIAGA,9
86.68,77.13,386,75.8,30.43,152,WASPADA,85
142.47,83.15,416,128.39,96.52,483,SIAGA,21
87.43,64.6,323,125.36,69.04,345,WASPADA,54
204.07,116.39,582,267.57,132.22,661,BAHAYA,0
229.35,101.19,506,239.49,138.39,692,BAHAYA,0
10.77,11.12,56,12.5,6.76,34,AMAN,235
173.18,81.03,405,186.89,98.45,492,SIAGA,14
132.75,50.28,251,101.83,58.44,292,WASPADA,40
47.44,37.83,189,1.38,32.47,162,AMAN,137
231.32,120.99,605,251.11,141.26,706,BAHAYA,1
255.47,125.86,629,214.26,124.12,621,BAHAYA,3
142.66,81.48,407,137.9,117.68,588,SIAGA,23
63.64,23.92,120,48.62,16.31,82,AMAN,206
46.19,7.81,39,53.64,6.53,33,AMAN,120
21.8,25.34,127,50.01,33.12,166,AMAN,176
212.46,97.61,488,254.16,158.69,793,BAHAYA,2
148.79,104.79,524,191.13,111.06,555,SIAGA,19
69.29,53.2,266,69.33,54.15,271,WASPADA,63
70.41,73.14,366,73.14,43.84,219,WASPADA,83
75.24,70.31,352,85.41,58.03,290,WASPADA,70
17.3,38.22,191,30.76,19.21,96,AMAN,155
68.84,58.21,291,101.98,65.25,326,WASPADA,80
219.39,148.72,744,231.23,151.4,757,BAHAYA,2
149.89,81.46,407,187.29,86.79,434,SIAGA,14
89.78,38.06,190,111.47,38.57,193,WASPADA,78
254.94,133.94,670,225.95,103.44,517,BAHAYA,1
62.11,36.44,182,4.04,13.71,69,AMAN,117
42.72,18.42,92,59.44,4.66,23,AMAN,183
121.78,56.25,281,94.36,36.54,183,WASPADA,46
143.91,98.38,492,181.59,84.11,421,SIAGA,19
90.81,41.78,209,100.61,57.13,286,WASPADA,60
134.66,65.58,328,64.33,78.2,391,WASPADA,45
58.61,36.62,183,35.44,31.15,156,AMAN,217
233.61,117.02,585,234.83,157.67,788,BAHAYA,3
209.06,108.1,540,266.51,113.6,568,BAHAYA,2
157.8,112.43,562,168.45,79.87,399,SIAGA,30
222.11,121.9,609,245.26,123.74,619,BAHAYA,3
96.32,52.49,262,85.99,42.95,215,WASPADA,46
239.16,91.26,456,208.19,97.16,486,BAHAYA,2
189.73,79.86,399,177.76,84.17,421,SIAGA,12
265.27,145.86,729,216.72,141.7,708,BAHAYA,1
40.89,10.63,53,47.98,16.13,81,AMAN,129
145.51,87.04,435,173.05,93.9,470,SIAGA,1
249.46,111.29,556,254.34,146.81,734,BAHAYA,1
199.87,87.25,436,158.86,109.12,546,SIAGA,5
173.35,92.44,462,194.92,84.52,423,SIAGA,6
39.01,24.22,121,23.17,1.78,9,AMAN,215
243.86,117.08,585,219.13,95.64,478,BAHAYA,0
161.52,92.5,463,128.94,95.07,475,SIAGA,14
94.57,73.07,365,69.88,37.71,189,WASPADA,63
194.3,92.04,460,156.94,102.32,512,SIAGA,12
151.15,82.27,411,134.05,70.1,350,SIAGA,26
30.7,36.72,184,36.56,15.06,75,AMAN,218
71.46,66.61,333,97.86,72.27,361,WASPADA,52
141.62,78.13,391,154.69,80.33,402,SIAGA,3
222.26,127.33,637,239.06,118.4,592,BAHAYA,3
143.43,114.0,570,156.4,72.31,362,SIAGA,31
134.18,65.59,328,70.23,49.81,249,WASPADA,59
21.65,27.42,137,34.76,14.18,71,AMAN,226
69.76,71.59,358,61.81,43.38,217,WASPADA,66
124.0,65.52,328,84.91,67.79,339,WASPADA,63
46.38,9.74,49,56.9,19.09,95,AMAN,138
103.31,40.75,204,91.96,73.44,367,WASPADA,58
266.8,100.49,502,206.34,127.63,638,BAHAYA,4
51.62,17.39,87,45.78,10.67,53,AMAN,214
128.31,77.06,385,68.71,45.38,227,WASPADA,69
238.68,132.04,660,240.82,101.64,508,BAHAYA,1
101.28,40.89,204,81.32,60.85,304,WASPADA,50
113.05,39.48,197,133.28,30.41,152,WASPADA,61
91.31,67.95,340,93.78,61.91,310,WASPADA,69
260.21,125.82,629,203.89,143.86,719,BAHAYA,5
101.38,37.58,188,65.78,46.38,232,WASPADA,85
172.73,80.92,405,151.39,74.63,373,SIAGA,20
22.34,20.96,105,26.68,35.87,179,AMAN,162
136.0,90.69,453,179.83,82.47,412,SIAGA,6
211.42,106.71,534,222.41,104.95,525,BAHAYA,4
59.98,20.75,104,34.28,4.18,21,AMAN,152
76.11,68.05,340,91.42,33.48,167,WASPADA,50
27.03,1.12,6,8.98,29.45,147,AMAN,190
81.87,38.04,190,65.34,76.1,380,WASPADA,74
126.93,45.51,228,125.29,52.11,261,WASPADA,80
66.17,33.81,169,2.69,22.57,113,AMAN,149
120.3,76.9,384,103.78,32.08,160,WASPADA,41
49.84,22.23,111,2.25,29.74,149,AMAN,202
183.17,93.38,467,130.27,75.7,379,SIAGA,19
0.47,16.28,81,34.22,8.66,43,AMAN,134
161.26,81.39,407,189.61,94.78,474,SIAGA,6
5.59,21.78,109,52.07,16.54,83,AMAN,218
5.38,16.01,80,35.14,38.31,192,AMAN,127
92.62,36.14,181,65.11,36.62,183,WASPADA,96
257.27,105.71,529,218.97,125.32,627,BAHAYA,0
73.07,44.92,225,87.43,39.6,198,WASPADA,54
52.87,3.39,17,33.4,20.95,105,AMAN,174
